BF45B1D1, AIMirrorTargetingInfo
82339442, AITacticalChoke
AFF66949, AITargetingInfo
13DA8DD3, CaptureAreaResident
B396243E, LineupOverrideCharacter
5B8A4389, PlayOfTheGameData
33752503, StatEventScoreScaler
0CC07049, STUAchievement
5C499B8E, STUAdditionalUnlocks
8FE674F9, STUAIBehaviorComponent
83587DEE, STUAIBodyPartDamageGroup
E3C6AB71, STUAIBodyPartDamageGroupDamageTagScalar
C588E38B, STUAICellBytes
9F1D18DD, STUAICellData
CB198A7C, STUAIDifficultyProfile
543CF5E7, STUAIHitReaction
A7BA88FD, STUAILevelPlacedMetaData
F51269FD, STUAILevelPlacedMetaDataInstanceData
20CA83FA, STUAITacticalMetaData
7FE73B95, STUAITacticalVolume
C4BE37A6, STUAITacticalVolumeNeighbor
0519019F, STUAIWeaponFireControlInfo
865FBB7E, STUAnimAlias
92389E46, STUAnimation
A6DD7672, STUAnimationPermutation
99007908, STUAnimationTrackOverride
E7BEFDCE, STUAnimBlendDriverParam
F731C873, STUAnimBlendTimeParams
67866D38, STUAnimBlendTree
7DDC51BC, STUAnimBlendTree_OnFinished
2BB5472B, STUAnimBlendTree_OnFinished_WeightDriver
65436ABC, STUAnimBlendTree_PlayAnimCancelCategory
38F4E107, STUAnimBlendTree_PlayAnimCancelItem
BE20B7F5, STUAnimBlendTree_SlotAnimation
FC47A2ED, STUAnimBlendTreeSet
DDD18945, STUAnimBlendTreeSet_BlendTreeItem
F3942997, STUAnimBlendTreeSet_BonePoseOverrideItem
C8704AD4, STUAnimBlendTreeSet_HardcodedAnimCategoryRefs
99EA3F94, STUAnimBlendTreeSet_RetargetParams
8BDCD4C6, STUAnimBoneWeightMask
70BFB706, STUAnimBoneWeightMask_Item
CB5A89D2, STUAnimCategory
06591AEB, STUAnimConfigAimWeightSet
3B17DC0D, STUAnimConfigAnimation
949FA931, STUAnimConfigBoneWeight_Item
F3D263C3, STUAnimConfigBoneWeightMask
586361C8, STUAnimConfigBoneWeightMask_Item
FBBB375C, STUAnimConfigFidgetAnimation
0B08FAD5, STUAnimConfigRandomAnimation
A1B96C48, STUAnimConfigWeightSet
F6279B0F, STUAnimCurve
C43ABAA7, STUAnimCurveCompiled
65DD9C84, STUAnimGameData_AnimationData
391AC5F1, STUAnimGameData_Base
6BC13553, STUAnimGameData_BlendDriver
2B388E5C, STUAnimGameData_GeoSetFlags
D1019A10, STUAnimGameData_NodeToDirectionIKItem
978A87DE, STUAnimGameData_PoseData
19354E9E, STUAnimGlobalLayerMultipliers
B0D9AEDF, STUAnimGlobalWeightMultipliers
7A6F6DC0, STUAnimIdentifier
CB6035BA, STUAnimNode_Animation
C8B1D2D7, STUAnimNode_AnimationPose2d
32443B67, STUAnimNode_AnimationTrackOverride
EAF06763, STUAnimNode_AnimBlendTreeProxy
15B4F157, STUAnimNode_Base
B8E40970, STUAnimNode_Blend1d
3C6A88BF, STUAnimNode_Blend2d
295A9417, STUAnimNode_Blend2dChild
F34A7244, STUAnimNode_BlendPartition
19BF28AB, STUAnimNode_BlendPartition_ExtraPartitionBoneItem
EEC7A51C, STUAnimNode_BranchByCategory
BB7A7240, STUAnimNode_StateMachine
A311F881, STUAnimNode_Strafe
EC56111A, STUAnimNode_StrafeProfileOverride
83C634CB, STUAnimNode_ToTargetBoneIKItem
B89B3EF9, STUAnimNode_ToTargetDirectionIK
2F920E29, STUAnimNode_ToTargetDirectionIKItem
DE44D504, STUAnimNode_TransitionToChildBase
F13F1466, STUAnimOverrideBlendTime
9260236F, STUAnimParamUpdater_Biped3P
8C8C0627, STUAnimParamUpdater_SnapTurnScriptedAnimAlias
9288D2C6, STUAnimParamUpdater_TurnParameters
3E4FCBC8, STUAnimSynchGroup
5ACD7C67, STUAnimTriangulationMap
0352046B, STUAnimTriangulationMap_Triangle
57C43142, STUAnimUserWeights
8E69CC3A, STUAreaInstanceData
22BD6AAD, STUBreakable
44897C73, STUBreakableConfig
B70590E4, STUCaptureAreaComponent
805BE5CA, STUCaptureAreaResidencyMultiplier
AB698943, STUCaptureAreaSegment
85618B21, STUCatalog
ACCDE63F, STUCelebration
6EFDBD73, STUCharacterMoverComponent
62D3E890, STUChatChannelDefinition
5FB3E9BA, STUChatCommand
1D9159F2, STUChildEntityDefinition
A6F1FE9E, STUClothConfig
A46203AB, STUComponentInstanceData
D05AEF31, STUConfigVar
01676947, STUConfigVarAnimAlias
12B8954B, STUConfigVarAnimation
CB43F2B1, STUConfigVarAnimCategory
3B911C89, STUConfigVarBone
B567AADA, STUConfigVarBool
1482DDBB, STUConfigVarBoolBase
A67443FE, STUConfigVarCelebration
3C61114B, STUConfigVarColor
78D39627, STUConfigVarColorBase
B1FB0918, STUConfigVarCurrency
A82CD4B2, STUConfigVarDataFlow
4B093107, STUConfigVarDynamic
AFFC8378, STUConfigVarEffect
54FD3952, STUConfigVarEntityID
E3206AE9, STUConfigVarEntityReference
A7E04FB2, STUConfigVarExpression
3D579F4F, STUConfigVarExpressionData
17E6DDEB, STUConfigVarExpressionFragment
8BB02FF3, STUConfigVarFilter
7B45B325, STUConfigVarFloat
F9C57875, STUConfigVarFloatBase
A5447DAD, STUConfigVarGameMessage
19861188, STUConfigVarGameMode
F264A657, STUConfigVarGamePadVibration
1C934279, STUConfigVarGameRuleset
93ED2F10, STUConfigVarGetGameModeName
E39B4C43, STUConfigVarHardPoint
CBEDB8FD, STUConfigVarHero
FF80C481, STUConfigVarIdentifier
12E434A1, STUConfigVarInt
C398258A, STUConfigVarInt64
21885D25, STUConfigVarInt64Base
7639CFC1, STUConfigVarIntBase
597E2EDC, STUConfigVarLoadout
E336A049, STUConfigVarLogicalButton
E9C7ABA1, STUConfigVarMap
F2179AD1, STUConfigVarModelLook
E896B267, STUConfigVarNumeric
252FDE3A, STUConfigVarResource
9EA8D0BA, STUConfigVarSkinTheme
FB0D22B7, STUConfigVarStat
6D3ED020, STUConfigVarStringBase
FB366254, STUConfigVarTexture
F0D5C4EB, STUConfigVarUInt
27937BC6, STUConfigVarUInt64
0E8EC485, STUConfigVarUInt64Base
A3822DC1, STUConfigVarUIntBase
1E2AF12C, STUConfigVarUXDisplayText
E5C38E9F, STUConfigVarVec2
3FBF91F3, STUConfigVarVec3
1413B6A1, STUConfigVarVecBase
819B1577, STUConfigVarVoiceStimulus
E944C17A, STUConfigVoiceDefinition
F7C4B7FD, STUCreateArmIkItem
F5B49504, STUCustomGameBrowserMapCatalogInfo
D2929F20, STUDataFlow
41D3910F, STUDataFlowType
DFDA46C7, STUDataFlowType_ColorRGB
BF0D20BE, STUDataFlowType_ColorRGBA
26A4CEF1, STUDataFlowType_EntityID
BB90194B, STUDataFlowType_Float
A62858A1, STUDataFlowType_GUID
5FAABA03, STUDataFlowType_Vec2
A748E281, STUDataFlowType_Vec3
BDA5B839, STUDataFlowType_Vec4
DA2D62F7, STUDynamicTreeDef
298FC27F, STUECAIHintVolumeInstanceData
99257985, STUECAISpawnerInstanceData
6BC00853, STUECCaptureAreaInstanceData
6E7ED1C2, STUECDamageAreaInstanceData
9AB01A35, STUECDampeningAreaInstanceData
B0D18D50, STUECGravityAreaInstanceData
F199249B, STUECHintPointInstanceData
CE1A4D26, STUEffect
9B3898C8, STUEffectComponent
251E73C7, STUEffectLook
7395D144, STUEntityComponent
73BB2F3A, STUEntityDefinition
70A6A466, STUEscortComponent
D76664B9, STUEscortRadius
D34B823D, STUFallingDamageComponent
9D28963F, STUFirstPersonComponent
0A4C98A7, STUGameMessage
494C33C4, STUGameMode
57AEDFA2, STUGameModeBodyVars
456C3C15, STUGameModeLoadoutOverride
34ECF4D2, STUGameModeSpecificBehaviorScripts
D797394C, STUGameModeTeam
9783E116, STUGameModeVarValuePair
731A00B5, STUGamePadMoveRegion
43F40C0F, STUGameRuleset
2E1A0A0B, STUGameRulesetGameMode
D353184F, STUGameRulesetSchema
074EDCB9, STUGameRulesetSchemaEntry
B13E2A22, STUGameRulesetSchemaValueEnumChoice
87C00EC0, STUGameRulesetTeam
866672AD, STUGenericSettings_Base
30E8CEFC, STUGenericSettings_Chat
A10FCCD3, STUGenericSettings_FallDamage
3FA4FF52, STUGenericSettings_GamePad
6021C7EC, STUGenericSettings_HeroSettings
7725B6D6, STUGenericSettings_Nameplates
B7148D95, STUGenericSettings_Reticle
017ED998, STUGenericSettings_Sound_ClientApp
40906896, STUGenericSettings_XPGains
D63B41DB, STUGlobalDataFlowValue
142AE6FA, STUGraph
B67D66ED, STUGraphContainer
8FAF5745, STUGraphItem
6E63F8E1, STUGraphLink
25C4F930, STUGraphNode
CEAA4897, STUGraphPlug
F9134815, STUHardPoint
A658CA1C, STUHealthComponent
7C3457DC, STUHero
2A879F6B, STUHeroSettingBase
EADA21EC, STUHeroSettingBool
B87D57AA, STUHeroSettingCategory
76B1DB1F, STUHeroSettingFloat
90A50AC1, STUHeroSettingIdentifier
24DF4688, STUHeroSpecificSettings
F2646A89, STUHeroWeapon
9CADF2EC, STUIdentifier
8DEFF143, STUImpactEffectByCategory
C261FEA5, STUImpactEffectOverrideComponent
875F19AE, STULineupPose
07A0E32F, STULoadout
39049749, STULobbyMapCatalogInfo
5CF22AAB, STULocaleSettings
9911A927, STULocalIdleAnimComponent
19C333CE, STULocalPersistedBinding
E8B1E584, STULocalPersistedGameplaySettings
A4EA3ED5, STULocalPersistedHeroSetting
71B08A4C, STULocalPersistedSettings
BC91AC98, STULocalPersistedVoiceChatSettings
56B6D12E, STULootBox
6CBC2E3F, STULootBoxCelebrationOverride
9FFCF237, STULootBoxCurrencyRarityUnlock
16F7C0EA, STULootBoxCurrencyUnlocks
EA8F8295, STULootBoxRarityRules
AF3DFC87, STULootBoxRules
819B4F6D, STULootBoxShopCard
F818D652, STULootBoxUnlocks
3A9B5E90, STUMap
25DA0DF5, STUMapCatalog
E1111C8D, STUMapFont
5A5653E7, STUMapFontData
B1FDD8AF, STUMapFontGlyph
DC866FA7, STUMapFontHeader
CFFB28E5, STUMapFontKerningPair
9C37EB4E, STUMaterialData
4D03ED2B, STUMaterialEffect
773DC32C, STUMirroredEntityComponent
3AA5CB04, STUMirroredIdleAnimComponent
871BD3D0, STUModel
191835F9, STUModelComponent
02DEEEA0, STUModelComponentInstanceData
BE9DDFDF, STUModelHardpoint
113187F5, STUModelInfo
5207484B, STUModelLook
494B66C1, STUModelMaterial
289495BA, STUMovie
E42D9464, STUParametricMovementComponentInstanceData
D10B25CA, STUProfileOverviewGeneralStat
3FBEDE0E, STUProfileStatCategory
2B1A5E8C, STUProjectileVisualComponent
B6243CC3, STUPublishEntry
2DB5899F, STUPvPGameComponent
D788E54C, STURagdollConfig
39B590A9, STURayCastReceiver
5ECEFF67, STURayCastReceiverComponent
82E631CB, STURayCastReceiverOverride
0051316E, STURayCastReceiverResult
3E03052C, STURigidBodyConfig
899CC976, STURulesetWinReward
5E569E7A, STUSkeleton
F6CCDAFC, STUSkin
42270D59, STUSkinTheme
04118DBD, STUSound
D96BC652, STUSoundBank
0EBAF735, STUSoundBankDataVersion
B613AECA, STUSoundImportanceFactor
D96D3396, STUSoundParameter
89006ADB, STUSoundSwitch
C7BAA017, STUStat
D2EA359E, STUStatescriptAbilityVarToSet
DD856C32, STUStatescriptAction
72C9C62F, STUStatescriptActionCreateEntity
52B46D44, STUStatescriptActionCriteria
0FF09DD0, STUStatescriptActionEffect
8FAF1FE3, STUStatescriptActionPlayScript
BD6F5F83, STUStatescriptActionSendGameMessage
75001A77, STUStatescriptActionSetVar
4AFA17B1, STUStatescriptActionSwitch
C2DC60F6, STUStatescriptBase
FD024F42, STUStatescriptComponent
75526BC2, STUStatescriptComponentInstanceData
142A27A8, STUStatescriptCondition
E7E3DD60, STUStatescriptDataFlowEntity
74F95AE2, STUStatescriptDeflectProjectileBox
79F2F73B, STUStatescriptEffect
1E50E1A8, STUStatescriptEntry
8A7E9DA8, STUStatescriptEntryGameMessage
62562540, STUStatescriptForCodeValue
7236F6E3, STUStatescriptGraph
7B6EA463, STUStatescriptGraphWithOverrides
268E773B, STUStatescriptInputPlug
A8BC2948, STUStatescriptModifyHealth
36750DD0, STUStatescriptModifyHealthKnockbackRing
4A7AC5BF, STUStatescriptModifyHealthTag
5C7F719D, STUStatescriptOperation
354E75FA, STUStatescriptOperationPattern
4421B506, STUStatescriptOutputPlug
1C95493A, STUStatescriptRemoteSyncVar
5981B16B, STUStatescriptSchema
5866C45E, STUStatescriptSchemaEntry
7C37840C, STUStatescriptState
C38B92B4, STUStatescriptStateAbility
CA60E86E, STUStatescriptStateAnim
6621502E, STUStatescriptStateAnimatedCamera
99B885B8, STUStatescriptStateBlinkEffect
76F0CF47, STUStatescriptStateBooleanSwitch
6AE5D1A1, STUStatescriptStateChaseVar
6226036A, STUStatescriptStateCombatModFilter
60FC201F, STUStatescriptStateCosmeticEntity
BB1054F4, STUStatescriptStateCreateEntity
23A661BD, STUStatescriptStateDataFlowMapping
0EC57928, STUStatescriptStateDeflectProjectiles
9D6CF8AC, STUStatescriptStateGameMessageEntry
56779D28, STUStatescriptStateGamePadVibration
FC999513, STUStatescriptStateGroup
8CC3BD5A, STUStatescriptStateHealthPool
91428992, STUStatescriptStateHero
B480A974, STUStatescriptStateLogicalButton
826613B7, STUStatescriptStateModifyHealth
A2D0B338, STUStatescriptStateMoveTo
2CBEBF06, STUStatescriptStatePet
D8915B1D, STUStatescriptStatePhysicsExplosion
019E0826, STUStatescriptStateRayCast
01D67FA0, STUStatescriptStateShockwave
594C2D80, STUStatescriptStateStack
164EF13B, STUStatescriptStateTrackRay
41E3C7A7, STUStatescriptStateTrackTargets
0F20E294, STUStatescriptStateUIInWorld
4573639A, STUStatescriptStateUXCustomGameDetails
D1674894, STUStatescriptStateUXLoading
02F7FEA4, STUStatescriptStateUXMatchRecap
7A7F2732, STUStatescriptStateUXPresenter
6540C278, STUStatescriptStateWait
EED6D952, STUStatescriptStateWeaponVolley
B79960CE, STUStatescriptSubGraph
633EDFC2, STUStatescriptSubScriptInitData
2B14FF12, STUStatescriptSyncVar
61235676, STUStatescriptWeaponProjectileDataFlow
6CF1089B, STUStatescriptWeaponProjectileEntity
60090FCE, STUStatescriptWeaponProjectileExplosionRing
487AE227, STUStatescriptWeaponProjectileMotion
F18160D1, STUStatescriptWeaponProjectileVisual
A1D1B633, STUStatescriptWeaponVolleyLaunch
0268E7D5, STUStatescriptWeaponVolleyMuzzle
08184980, STUTargetTag
445E7678, STUTargetTagComponent
64100592, STUTargetTagInstanceData
8880FCB0, STUTeamColor
E15F9581, STUTestInheritStruct
72956B0E, STUTestStruct
0B792564, STUTexture
A90901B3, STUTextureSource
F3A63FB4, STUTip
6760479E, STUUnlock
614BC677, STUUnlock_Currency
136D45F1, STUUnlock_CompetitiveCurrency
C294A43B, STUUnlock_LootBox
0B517D2E, STUUnlock_Emote
C6A72877, STUUnlock_Pose
E05E4446, STUUnlock_SkinTheme
8A9D1F89, STUUnlock_VoiceLine
C23F89EB, STUUnlock_Weapon
5ABF8769, STUUnlocks
23F2C185, STUVoiceCategory
6BB3C6F8, STUVoiceConversationLine
00C21225, STUVoiceLineInstance
B466CBBD, STUVoiceSet
8745618A, STUVoiceSetComponent
3FBD80C6, STUVoiceStimulus
AEBBF451, STUVoiceStimulusCatalog
B1B9C667, STUWaypointInstanceData
15CB6532, STUWeaponComponent
61386B75, STUWeaponDefinition
0699809D, STUXPGain

218AFE48, STUConfigVarUUID
78A999D8, STUConfigVarUUIDBase
6E33838C, STUMaterialDataFlow
B7EEA3BE, STUSkinBase
8CE1D110, STUProgressionUnlocks
8FFAF278, STUShippable
0A29DB0D, STUTargetTag
3E88143F, STUSkinRuntimeOverride
B7A86BCD, STUGenericSettings_Ranked
A0F2FE14, STURankedTierDefinition
C881FD3B, STUGenericSettings_PlayerProgression
8159A26D, STURankedData
DDE937FD, STURankedSeason
6FE91269, STUUnlock_PortraitFrame
6F39A144, STUUnlock_HeroMod
84515D93, STUUnlock_SprayPaint
5C713BD4, STUUnlock_SprayPaintEffect
8E77E8A1, STUUnlock_POTGAnimation
6E694720, STUAvailableContentUnlock
BE7A8749, STUGenericSettings_PurchaseableUnlocks
E39FB8A0, STUEntitlementUnlock
54BC2188, STUUnlock_AvatarPortrait
C0F7EA53, STUAnimNode_Random
F7384072, STUAnimNode_Sequence
40274C18, STUAnimNode_LayerChild
37D4419F, STUAnimNode_LayerBase
A719E03A, STUAnimNode_LayerAdditive
DD8658BA, STUAnimNode_LayerIsolate
9E77B793, STUAnimNode_LayerIsolateSourceTargetPair
538E0279, STUAnimNode_LayerOverride
1B872806, STUContactSet
5054972D, STUContactSetSTUContactSetComponent
D45222EC, STUAnimNode_Identity
95CDBEAB, STUConfigVarContactSet
A408D74F, STUVoiceConversation
9044BCFE, STUGenericSettings_LootBoxes
F13353CA, STULineupPoseVariant
3726ACFD, STUOutlineComponent
2BA91EC5, STUAnimGameData_Skeleton
8B68F073, STUGameModeLegacy
2BD49D74, STUPetComponent
02514B6A, STUMapHeader
AC40722C, STUMapCelebrationOverride
1DA7C021, STUResourceKey
C3EE0CD6, STUConfigVarResourceKey
A7AAA35A, STUConfigVarGetSkinOverride
0539C988, STUFogData
610E3DD8, STUBloomData
C18DC9CD, STUMapLayer
5CEF8CD7, STUEnlightenData
0CB105FA, STUThumbnailData
58B3D0D0, STUEmptyAsset
E93236BC, STUAnimGameData_Animation
66BB2EF3, STUNumberSettings
BED93F9B, STUAnimNode_LockMain
7A0B33DA, STUBoneLabel
0BD5EA17, STUAnimBoneSet
419E5D60, STUAnimationSettings
CAAB2581, STUCollisionConfig
003C517B, STUPlaybackProperties
D89CF9B3, STULocalizationSettings
A4262E73, STUDataFlowStream_Float
B2172366, STUDataFlowStream_Guid
84840C20, STUFontFamily
2F427ADA, STUVoiceStimulusHeader
A21064F1, STUConfigVarGetLootBoxAsset
40DA6CDF, STUVoiceLine
2B407D38, STUVoiceLineSet
C1A2DB26, STUCriteriaContainer
2F33B1B7, STUCriteria
857C15FC, STUCriteria_Stat
D0364821, STUCriteria_Statescript
9BD0750A, STUCriteria_HeroLevel
E9DB72FF, STUCriteria_OnMap
BDD783B9, STUCriteria_Team
C27E676E, STUCriteria_PlayerLevel
D931E2CF, STUCriteria_IsHero