53F76BF6, AIMirrorTargetingInfo
D5BA6F2B, AITacticalChoke
81B35640, AITargetingInfo
49E074CD, CaptureAreaResident
E264DC26, LeaseBlock
2C5FFF26, LineupOverrideCharacter
D0D8FAAC, LineupReplacement
F49EE9CA, MirroredHealthPool
E9392E59, MRankedPointEntry
28C44860, MStatescriptStateChaseVar
66F7F227, PlayOfTheGameData
3DD6C6E9, SDD_3D
7D75D3EF, SDD_AABB3D
0F4B5C2F, SDD_AITacticalVolume
DCEBC0CC, SDD_AnimFrame
F0D215C7, SDD_Base
2317657E, SDD_Capsule3D
0D2293E2, SDD_Cylinder3D
A719138C, SDD_Line2D
BE0222CD, SDD_Line3D
860D9700, SDD_OBB3D
4654A34B, SDD_PackedDraw
EE9FE883, SDD_Point3D
2A531C50, SDD_Print
B4BB8CFC, SDD_Rect2D
F7B7C883, SDD_Sphere3D
FCE18E3E, SDD_Text3D
B445B462, SDD_TextBlock
56CA94F9, SDD_Tri
F6A17A1C, SDD_TriList
429C1CE2, SprayReplacement
83670A31, StatEventScoreScaler
1D89A0E1, StatEventsScoreToast
7CE5C1B2, STUAchievement
9925E429, STUAdditionalUnlocks
4E84DF64, STUAIBehaviorComponent
E5C2396A, STUAIBodyPartDamageGroup
9BF7B74F, STUAIBodyPartDamageGroupDamageTagScalar
84C72730, STUAICellBytes
463FF74B, STUAICellData
5BDF5081, STUAICellDataExternalLinks
67CE6761, STUAIDifficultyProfile
401ED666, STUAIHintVolumeComponent
3538699B, STUAIHitReaction
C91472CF, STUAILevelPlacedMetaDataComponent
F1BACBD3, STUAILevelPlacedMetaDataInstanceData
124E85C8, STUAIMouseAimParamOverride
565CA5C3, STUAIMovementComponent
70922D2A, STUAIPointFinderComponent
7924B055, STUAIPvESpawnComponentInstanceData
547AA0D6, STUAISpawnerComponent
679C8174, STUAITacticalMetaData
D1AD19C5, STUAITacticalVolume
459C9820, STUAITacticalVolumeNeighbor
F3878863, STUAITacticalVolumeVisibility
FEC0F75B, STUAIWeaponFireControlInfo
75E95493, STUAnimAlias
1DC16AB4, STUAnimation
37C0CAAE, STUAnimationPermutation
386DA0AA, STUAnimationTrackOverride
C09707BD, STUAnimBlendDriverParam
19F77CFE, STUAnimBlendTimeParams
0116F41A, STUAnimBlendTree
B16F6259, STUAnimBlendTree_OnFinished
16CCEAAB, STUAnimBlendTree_OnFinished_WeightDriver
3A52E271, STUAnimBlendTree_PlayAnimCancelCategory
EC91CDC1, STUAnimBlendTree_PlayAnimCancelItem
919EA22F, STUAnimBlendTree_SlotAnimation
73A19293, STUAnimBlendTreeSet
D31462C5, STUAnimBlendTreeSet_AutoGenDataFlowRefs
01AA58C9, STUAnimBlendTreeSet_BlendTreeItem
E8325C2D, STUAnimBlendTreeSet_BonePoseOverrideItem
34669456, STUAnimBlendTreeSet_HardcodedAnimCategoryRefs
55F6732C, STUAnimBlendTreeSet_RetargetParams
243441B9, STUAnimBoneWeightMask
AECBACD2, STUAnimBoneWeightMask_Item
C60F5243, STUAnimCategory
CD2E2011, STUAnimConfigAimWeightSet
0D52E289, STUAnimConfigAnimation
6E0DF8C1, STUAnimConfigBoneWeight_Item
955C8C8E, STUAnimConfigBoneWeightMask
82F7FBFE, STUAnimConfigBoneWeightMask_Item
19625813, STUAnimConfigFidgetAnimation
90F0FA79, STUAnimConfigRandomAnimation
3555B365, STUAnimConfigWeightSet
9D632CF0, STUAnimConfigWeightSet1P
77B27B43, STUAnimCreateLegIk
C31C62B0, STUAnimCurve
4EC8D398, STUAnimCurveCompiled
CB1C2520, STUAnimGameData_AnimationData
ED58167B, STUAnimGameData_BlendDriver
60F9ACB1, STUAnimGameData_BoneWeightMask
49CD1029, STUAnimGameData_GeoSetFlags
572A12DE, STUAnimGameData_LayerInfo
C26F4CE9, STUAnimGameData_NodeToDirectionIKItem
C255C1E1, STUAnimGameData_PoseData
130DED61, STUAnimGameData_WeightDriver
D16FDC3D, STUAnimGlobalLayerMultipliers
B48685EB, STUAnimGlobalWeightMultipliers
F7D98D7F, STUAnimGlobalWeightMultipliers1P
9F9521F8, STUAnimIdentifier
CE80D4BE, STUAnimLayerMask_Blend2d_Item
1DBCE829, STUAnimNode_AdjustBoneTransformParams_ScalePositionPSItem
28D96BFD, STUAnimNode_AdjustBoneTransformParams_SetRotationPSItem
F2B831A7, STUAnimNode_Animation
C765CADC, STUAnimNode_AnimationPose2d
3FCFAE36, STUAnimNode_AnimationTrackOverride
52758465, STUAnimNode_AnimBlendTreeProxy
0466D2B0, STUAnimNode_Base
6AA37304, STUAnimNode_Blend1d
418E20C7, STUAnimNode_Blend2d
DB7D8712, STUAnimNode_Blend2dChild
92D208B9, STUAnimNode_BlendPartition
AE8BE042, STUAnimNode_BlendPartition_ExtraPartitionBoneItem
B3B0F770, STUAnimNode_BranchByCategory
7CDEEA83, STUAnimNode_LayerBase
BF4466A9, STUAnimNode_LayerIsolateSourceTargetPair
D226D58A, STUAnimNode_Root
643B31FD, STUAnimNode_StateMachine
1C81545A, STUAnimNode_Strafe
E9C67E16, STUAnimNode_Strafe8Way
862AB849, STUAnimNode_StrafeProfileOverride
62807273, STUAnimNode_ToTargetBoneIKItem
D782E9B3, STUAnimNode_ToTargetDirectionIK
A7ED92FB, STUAnimNode_ToTargetDirectionIKItem
3998170A, STUAnimNode_TransitionToChildBase
56CB768B, STUAnimOverrideBlendTime
A9E8A7C7, STUAnimParamUpdater_Base
64759657, STUAnimParamUpdater_Biped3P
7DABA1B6, STUAnimParamUpdater_SnapTurnScriptedAnimAlias
CC796AD7, STUAnimParamUpdater_TurnParameters
F5A4B97C, STUAnimPlaybackStream
3EFA5727, STUAnimSplitBodyWeights
7A355BEF, STUAnimSynchGroup
1A428632, STUAnimTriangulationMap
151D0943, STUAnimTriangulationMap_Triangle
985AC62C, STUAnimUserWeights
53BCD224, STUAreaComponent
2207633B, STUAreaInstanceData
41066CD6, STUAutomationWaypointComponent
C5B51D33, STUAutomationWaypointInstanceData
12C8D777, STUAvailableContentUnlock
29E8A907, STUBreakableComponent
B323441D, STUBreakableConfig
7A55D0AC, STUCameraComponent
26C11174, STUCameraInstanceData
EBAA873A, STUCameraShakeOscillationValues
5AB8D974, STUCaptureAreaComponent
F918411F, STUCaptureAreaResidencyMultiplier
97DF799E, STUCaptureAreaSegment
314BB6F9, STUCatalog
4810BF65, STUCelebration
C6EC49E5, STUCharacterMoverComponent
8F28BD45, STUChatCapturedReplacementInfo
6D686700, STUChatChannelDefinition
FAB38435, STUChatCommand
A928FEF4, STUChatReplacementInfo
A1815CAB, STUChildEntityDefinition
F52D462A, STUClothConfig
69A1B142, STUCommandSourceComponent
F02A57F9, STUCommandTargetComponent
BFD9AADD, STUConfigVar
86503EC0, STUConfigVarAnimation
DCADC6C2, STUConfigVarAura
3EB3D6CE, STUConfigVarBone
5E745F2B, STUConfigVarBool
17E77FD2, STUConfigVarBoolBase
6F450DEB, STUConfigVarCelebration
D4E0B6A8, STUConfigVarColor
5678A808, STUConfigVarColorBase
B033B5F0, STUConfigVarCurrency
824213F0, STUConfigVarDataFlow
F8CC195D, STUConfigVarDynamic
B709560A, STUConfigVarEffect
BAC93091, STUConfigVarEntityID
AAA8450C, STUConfigVarEntityReference
CC3A08F4, STUConfigVarExpression
1D9F73C9, STUConfigVarExpressionData
0A67602A, STUConfigVarExpressionFragment
7EAD98E5, STUConfigVarFilter
7B13A0D4, STUConfigVarFloat
16C264E9, STUConfigVarFloatBase
189E705B, STUConfigVarGameMode
79771A3A, STUConfigVarGamePadVibration
5A8B9055, STUConfigVarGetEntityAtSlot
518AF43A, STUConfigVarGetEntityBasePosition
D7AA244A, STUConfigVarGetEntityBoundsCenter
8D4869D1, STUConfigVarGetEntityBoundsDimensions
66665893, STUConfigVarGetEntityCollisionRadius
E287E9B5, STUConfigVarGetEntityCurrentPossessable
F0A4904D, STUConfigVarGetEntityDefinition
91C4AF3F, STUConfigVarGetEntityFacingVector
56A0D806, STUConfigVarGetEntityForwardVector
70429452, STUConfigVarGetEntityHardPointPosition
3C9FB6D7, STUConfigVarGetEntityHeadPos
023E430A, STUConfigVarGetEntityLeftVector
B0BBDF5A, STUConfigVarGetEntityPosition
31C142E1, STUConfigVarGetEntityUpVector
7C39E5E6, STUConfigVarGetMap
261676F0, STUConfigVarGetOwner
EB8548ED, STUConfigVarGetRegion
8FE4A55C, STUConfigVarHardPoint
5A3B073F, STUConfigVarHero
3AE7427E, STUConfigVarInt
C01F391C, STUConfigVarInt64
A7FF0477, STUConfigVarInt64Base
EF79CCF9, STUConfigVarIntBase
B5E9C66E, STUConfigVarIsHeroSelectActive
CD02DDAB, STUConfigVarLoadout
BD1B3274, STUConfigVarMap
AFE80C2E, STUConfigVarMovie
F4C68FA2, STUConfigVarNumeric
0E0B368E, STUConfigVarRegion
65F4C9D9, STUConfigVarResource
2B4D9698, STUConfigVarStat
9FD77551, STUConfigVarString
4FF6E110, STUConfigVarStringBase
CF15CFA6, STUConfigVarTeam
31011E9B, STUConfigVarTexture
9D40E5A8, STUConfigVarUInt
5FCFCA69, STUConfigVarUInt64
AD14D29A, STUConfigVarUInt64Base
99857D3C, STUConfigVarUIntBase
3439F27F, STUConfigVarUXDisplayText
ACFE29CA, STUConfigVarVec2
DBF9195C, STUConfigVarVec3
C6E89B8F, STUConfigVarVecBase
F36D34BB, STUConfigVoiceDefinition
C760322A, STUCreateArmIkItem
55798016, STUCustomGameBrowserMapCatalogInfo
A2004419, STUDamageAreaComponent
E7E9E8D8, STUDampeningAreaComponent
77D4D730, STUDataFlow
76B8F1ED, STUDataFlowStream_Float
E6A1A181, STUDataFlowStream_Guid
DF0668B9, STUDataFlowType
741E51D5, STUDataFlowType_ColorRGB
1E7A8649, STUDataFlowType_ColorRGBA
2A1D1E36, STUDataFlowType_EntityID
74A4E1E9, STUDataFlowType_Float
9722AF42, STUDataFlowType_GUID
1B462083, STUDataFlowType_Vec2
6C411015, STUDataFlowType_Vec3
F22585B6, STUDataFlowType_Vec4
42BBFFA9, STUDynamicTreeDef
1B804482, STUECAIHintVolumeInstanceData
BDFD3BCA, STUECAISpawnerInstanceData
FE752D91, STUECBreakableInstanceData
EB94D18F, STUECCaptureAreaInstanceData
59837899, STUECDamageAreaInstanceData
3C6EB9E9, STUECDampeningAreaInstanceData
1A091627, STUECGravityAreaInstanceData
590BD5D4, STUECHintPointInstanceData
07DF1E48, STUECSpawnInstanceData
BECFBB09, STUEffect
7454409A, STUEffectComponent
FF82DF73, STUEffectLook
BC400A94, STUEffectShader_Base
E51405E6, STUEffectTemplate
69024CAA, STUEffectTemplateCondition
0BFF1CB3, STUEffectTemplateState
F1806FBF, STUEffectTrackDecal
FDC94C02, STUEffectTrackExplosion
7CFE89FB, STUEffectTrackParticleSystem
A28F0BD8, STUEffectTrackRibbon
A1B2CA3B, STUEntitlementUnlock
E46F5A44, STUEntityComponent
EC23FFFD, STUEntityDefinition
0E2552E2, STUEscortComponent
863D333B, STUEscortRadius
4C58173E, STUFallingDamageComponent
DAF7A654, STUFirstPersonComponent
ED08B49B, STUGameMode
A436ACE3, STUGameModeBodyVars
CAB7E3D2, STUGameModeComponent
0263DBC8, STUGameModeLoadoutOverride
538ADEB1, STUGameModeSpecificBehaviorScripts
7A9482BB, STUGameModeTeam
08386AAC, STUGameModeVarValuePair
E246E690, STUGamePadMoveRegion
7068CCE6, STUGamePadVibration
9A8B17B5, STUGameRuleset
1255ECBD, STUGameRulesetGameMode
EA95841A, STUGameRulesetSchema
3C035242, STUGameRulesetSchemaEntry
240149C8, STUGameRulesetSchemaValueEnumChoice
3F889698, STUGameRulesetTeam
C58FABBB, STUGenericSettings_Base
7D842DB5, STUGenericSettings_FallDamage
C16FA5C0, STUGenericSettings_Nameplates
BC064AC0, STUGenericSettings_Reticle
D295A53B, STUGenericSettings_Sound_ClientApp
3D32C3B7, STUGlobalDataFlowValue
CB52D391, STUGraph
38A4B0B7, STUGraphLink
8B77C103, STUGraphNode
84201DCA, STUGraphPlug
9E346155, STUGravityAreaComponent
1475F128, STUHardPoint
AEBE9BAA, STUHealthComponent
91E7843A, STUHero
C0B8480B, STUHeroSettingBase
558D80F8, STUHeroSettingBool
3FB1C308, STUHeroSettingCategory
64C2DA65, STUHeroSettingFloat
0027DC07, STUHeroSpecificSettings
3FCD3E39, STUHeroWeapon
867617BE, STUHintPointComponent
3C74FB3A, STUIdlePathdataInvalidateComponent
E5463847, STUIdlePathdataInvalidateInstanceData
2D684B45, STUImpactEffectByCategory
58358D88, STUImpactEffectOverrideComponent
0A55BCC0, STUInputButtonBinding
26CCF757, STULayer
EA066FA8, STULineupAnimData
34C4FFE6, STULineupPose
54024AFC, STULoadout
A99258EF, STULobbyMapCatalogInfo
DC384625, STULocaleSettings
D13AB3AA, STULocalIdleAnimComponent
C075BCD1, STULocalIdleAnimComponentInstanceData
D8017400, STULocalPersistedBinding
9A8AE734, STULocalPersistedGameplaySettings
0978CAA9, STULocalPersistedHeroSetting
57A70B77, STULocalPersistedVoiceChatSettings
0A6886A1, STULootBox
73458B17, STULootBoxCelebrationOverride
940A1400, STULootBoxCurrencyRarityUnlock
CCAB4575, STULootBoxCurrencyUnlocks
12BB4E6D, STULootBoxRarityCosts
343C80F9, STULootBoxRarityRules
B0C4B4EF, STULootBoxRules
EBB2FC5B, STULootBoxShopCard
C41B27A5, STULootBoxUnlocks
002BBBC4, STUMap
E562747C, STUMapCatalog
96C09D1B, STUMapFont
0DB6E961, STUMapFontData
4518F38E, STUMapFontGlyph
A126937C, STUMapFontHeader
F3FEC5A2, STUMapFontKerningPair
7B495714, STUMaterialEffect
9D8EA225, STUMirroredAnimComponent
6DBF6015, STUMirroredBreakableComponent
7E868D30, STUMirroredEntityComponent
C28984B1, STUMirroredIdleAnimComponent
4C22E532, STUMirroredIdleAnimComponentInstanceData
1582A494, STUModel
BC1233E0, STUModelComponent
9C66F308, STUModelComponentInstanceData
710A8DF7, STUModelHardpoint
43B2AC3A, STUModelInfo
A301496F, STUModelLook
9FE895C2, STUModelMaterial
D25DA2BC, STUMovementStateComponent
DF492422, STUMovie
CE81AD50, STUParametricMovementComponent
9720A807, STUParametricMovementComponentInstanceData
E39E0025, STUPassedCastInfo
F4AC698B, STUPossessableComponent
1CFE095F, STUProfileOverviewGeneralStat
A35DA076, STUProfileStatCategory
E4A87012, STUProjectileComponent
4B99D0FA, STUProjectileVisualComponent
4B100F3F, STUPublishEntry
81EBDCD0, STUPvPGameComponent
1D85B38F, STURagdollConfig
52227A67, STURayCastReceiver
188218B4, STURayCastReceiverOverride
D0FA9BF4, STURayCastReceiverResult
42805AFB, STURigidBodyConfig
79AAB70D, STURulesetWinReward
633796BA, STUScriptedPathdataInvalidateComponent
F12B5025, STUSkeleton
3A9915C9, STUSound
AF47978C, STUSoundBank
B1C3AA7F, STUSoundBankDataVersion
2CEF52C5, STUSoundImportanceFactor
D5190C68, STUSoundParameter
18BAD2FE, STUSoundSwitch
E880F3C4, STUSpawnComponent
E091159D, STUStat
0EA1DB9F, STUStatescriptAbilityVarToSet
2ECEFC8B, STUStatescriptAction
0E242827, STUStatescriptActionBlockRewinding
0E3689F3, STUStatescriptActionCreateEntity
4E83BC01, STUStatescriptActionCriteria
5C46D801, STUStatescriptActionDestroyEntity
EB923A6A, STUStatescriptActionEffect
FAD70581, STUStatescriptActionEjectCosmeticEntity
181FD429, STUStatescriptActionMovementModOp
C370ABC0, STUStatescriptActionPauseAnim
F9EF59A6, STUStatescriptActionPlayScript
F8EC9531, STUStatescriptActionRestartAnim
8B6A3312, STUStatescriptActionSendGameMessage
4698E4B6, STUStatescriptActionSetVar
321BE080, STUStatescriptActionSwitch
A97578E7, STUStatescriptBase
9B38211B, STUStatescriptComponent
E10CB86B, STUStatescriptComponentInstanceData
6F10080F, STUStatescriptCondition
8E8F78BF, STUStatescriptDataFlowEntity
CDA846FE, STUStatescriptDeflectProjectileBox
DF62E1EB, STUStatescriptEffect
2F937AE3, STUStatescriptEntry
BE49A4C2, STUStatescriptEntryGameMessage
568D9051, STUStatescriptExternalSchema
2D9EE524, STUStatescriptForCodeValue
4B24FF18, STUStatescriptForwardValueToGlobalScriptPair
0DF7E24F, STUStatescriptGraph
B773E1D0, STUStatescriptGraphWithOverrides
D33D0925, STUStatescriptHeroArrangement
6A2C0D5F, STUStatescriptHistoryVar
11D7F052, STUStatescriptInputPlug
06A06F4E, STUStatescriptModifyHealth
903C0BA5, STUStatescriptModifyHealthKnockbackRing
4D3EC3CF, STUStatescriptModifyHealthTag
CB472621, STUStatescriptOperation
501CC5D3, STUStatescriptOperationPattern
3E490486, STUStatescriptOutputPlug
9B17EF35, STUStatescriptProgressionScreenVM
42E24ACE, STUStatescriptRemoteSyncVar
D18C314B, STUStatescriptSchema
3C997D56, STUStatescriptSchemaEntry
2549D83D, STUStatescriptScreenVM
A7213568, STUStatescriptState
F53C5DA8, STUStatescriptStateAbility
ED81C7FB, STUStatescriptStateAimSpeed
7FB4BF64, STUStatescriptStateAnim
1A81CFB7, STUStatescriptStateAnimatedCamera
D78490D1, STUStatescriptStateApplyAura
C0A88BB0, STUStatescriptStateBeamEffect
429991A7, STUStatescriptStateBlinkEffect
E811ECBB, STUStatescriptStateBooleanSwitch
28D0A23B, STUStatescriptStateCamera3P
7B3ED271, STUStatescriptStateCameraLookAt
A5F89E3F, STUStatescriptStateCameraTransform
970EC198, STUStatescriptStateChaseVar
68CB1DF9, STUStatescriptStateCombatModFilter
76B28B97, STUStatescriptStateContactSet
6E81F6D4, STUStatescriptStateCosmeticEntity
E7C6AAF6, STUStatescriptStateCreateEntity
85C28A9A, STUStatescriptStateDataFlowMapping
67471C66, STUStatescriptStateDeflectProjectiles
985BCC76, STUStatescriptStateDeflectProjectilesEffects
FFBFA88D, STUStatescriptStateEffect
72509D3B, STUStatescriptStateFindGround
D4077AC8, STUStatescriptStateGameMessageEntry
44E7F474, STUStatescriptStateGamePadVibration
DBBE7623, STUStatescriptStateGroup
C17B255D, STUStatescriptStateHealthPool
49D1B5B9, STUStatescriptStateHero
029BF346, STUStatescriptStateHistoryBuilder
7211CF70, STUStatescriptStateHistoryRewinder
7331CB24, STUStatescriptStateInvisible
01D6952A, STUStatescriptStateLimitAim
FF77458C, STUStatescriptStateLogicalButton
619D9E95, STUStatescriptStateModifyHealth
02E4A0AB, STUStatescriptStateMovementMod
689CD085, STUStatescriptStateMovementModOp
C1035274, STUStatescriptStateMoveTo
E39C9D83, STUStatescriptStateOverrideModelLook
4CCED352, STUStatescriptStatePet
B1001DCF, STUStatescriptStatePhaseOut
803E3C68, STUStatescriptStatePhysicsExplosion
74CB0002, STUStatescriptStatePossessControl
3A846155, STUStatescriptStatePossessView
22FE9543, STUStatescriptStateRayCast
8D50485A, STUStatescriptStateShockwave
F7D6498C, STUStatescriptStateStack
C2EEEE16, STUStatescriptStateSteer
06FCCA5D, STUStatescriptStateSuppressMovementPrediction
26367267, STUStatescriptStateSwitch
D7CA9C01, STUStatescriptStateTargetEffect
E6941FAB, STUStatescriptStateTeleportOverDuration
8DE7E50F, STUStatescriptStateTrackMovement
323AABCF, STUStatescriptStateTrackRay
76391DD3, STUStatescriptStateTrackSlamming
498B421A, STUStatescriptStateTrackTargets
0459C53D, STUStatescriptStateUIInWorld
3C633624, STUStatescriptStateUXCustomGameBrowserFilter
CB02363A, STUStatescriptStateUXCustomGameDetails
071C1EFC, STUStatescriptStateUXHeroHelp
AEC19200, STUStatescriptStateUXLoading
249E4D61, STUStatescriptStateUXMatchRecap
7AD0304A, STUStatescriptStateUXMatchStatus
651FB223, STUStatescriptStateUXPresenter
6BFA64AF, STUStatescriptStateUXReticleOverride
C739BAAC, STUStatescriptStateUXScreen
C92184E2, STUStatescriptStateUXSocialMenu
65F158DA, STUStatescriptStateWait
F45A1956, STUStatescriptStateWallMove
E67578C0, STUStatescriptStateWatch
860EE5FC, STUStatescriptStateWeaponVolley
B8F35B20, STUStatescriptSubGraph
550C2AA4, STUStatescriptSubScriptInitData
95C32CA4, STUStatescriptSyncVar
42D42A05, STUStatescriptTrackTargetsSortRuleWeight
C6DC0AA1, STUStatescriptWeaponProjectileDataFlow
84D05911, STUStatescriptWeaponProjectileEntity
F91C284F, STUStatescriptWeaponProjectileExplosionRing
7F06BC91, STUStatescriptWeaponProjectileMotion
61319566, STUStatescriptWeaponProjectileVisual
BCC0BEE1, STUStatescriptWeaponVolleyLaunch
5899278E, STUStatescriptWeaponVolleyMuzzle
21F77FF4, STUStatescriptWeaponVolleyShotgunRing
E0D597BD, STUTargetTag
3A2F0C15, STUTargetTagComponent
7113C69A, STUTargetTagInstanceData
7A0122E1, STUTeamColor
F496E43D, STUTestInheritStruct
788DE73D, STUTestStruct
A80189CC, STUTexture
EA8118E2, STUTextureSource
DB05A933, STUTip
624B9A14, STUUnlock
0BCAF9C9, STUUnlock_Currency
E533D614, STUUnlock_Emote
018667E2, STUUnlock_Pose
090B30AB, STUUnlock_VoiceLine
01609B4D, STUUnlock_Weapon
01B650EC, STUUnlocks
2FAFD50B, STUUnsynchronizedMoverComponent
E2F14378, STUUnsynchronizedMoverComponentInstanceData
100002C0, STUUXAnimatable
A5E1423A, STUUXBehavior
7D211E22, STUUXBinding
7E1C0FCC, STUUXBindingBase
F9222A40, STUUXButton
0DA969F2, STUUXButtonBase
1C70FBEB, STUUXCard
0762DCB8, STUUXCardButton
C636B5B6, STUUXChangePropertyAction
732508ED, STUUXCollection
C6F0ECDF, STUUXCollectionViewGroup
AE80FF68, STUUXCollectionViewGroupRoot
92C535C6, STUUXContentControl
39F35B10, STUUXContentPresenter
9BFAB123, STUUXContentToggleButton
2D18F0FA, STUUXContextRoot
C3AC054C, STUUXControl
3E9C25CF, STUUXDecorator
A30AC223, STUUXDependencyObject
86455E1F, STUUXDialog
B456B24F, STUUXDisplayText
1815624A, STUUXDuration
6F37773E, STUUXElement
33A7CE78, STUUXEmbeddedSimpleCheckout
0B18EC21, STUUXGeometry
2444BA0F, STUUXGrid
2E042A64, STUUXHeaderedContentControl
0AEBFE23, STUUXIDLookup
63BC5817, STUUXItemContainerGenerator
7DFC365B, STUUXItemsControl
7B440A39, STUUXKeyboardNavigation
D881B568, STUUXKeyTime
3CC8FAC9, STUUXLink
3E74C216, STUUXLogicalButton
10F43B89, STUUXMultiBinding
6B892D91, STUUXObject
8AA50FF2, STUUXPanel
2201B8A5, STUUXPopup
7F3E31CA, STUUXPopupControlService
6B77CF61, STUUXPopupRoot
6ACE6097, STUUXPriorityBinding
B1A08D7B, STUUXPropertyPath
DD1EC812, STUUXRadioButton
10764043, STUUXReferences
EF57D000, STUUXRepeatBehavior
18B8F445, STUUXResourceDictionary
BBD17665, STUUXRoutedCommand
1C68E74D, STUUXScreen
08D800D7, STUUXSelector
F5382325, STUUXShape
7C70843D, STUUXStackPanel
1CB65AAD, STUUXStoryboard
B5D8D58C, STUUXStoryboardClock
5D9A34D4, STUUXString
B5390091, STUUXTabItem
932A2F6B, STUUXTankEffect
092AFD09, STUUXTemplate
29129145, STUUXTextBox
AAE96C16, STUUXTextBoxBase
94A039F9, STUUXTextBoxView
08E3FE3B, STUUXTextureSource
9F07821D, STUUXTriggerBase
8EA96764, STUUXUniformGrid
79F9EE42, STUUXViewModel
CDB49979, STUUXViewModelSchema
38F95923, STUUXViewSource
251BB313, STUUXVirtualizingPanel
D83FE84C, STUUXVirtualizingStackPanel
A90F69A2, STUUXVirtualizingUniformGrid
67F9627E, STUUXVisualStateManager
DCFD6BF4, STUVoiceCategory
8361A4B3, STUVoiceConversationComponent
4AC764DE, STUVoiceConversationLine
8884C15A, STUVoiceLineInstance
BAD42A8D, STUVoiceSet
528F2F94, STUVoiceSetComponent
4D5AEDA6, STUVoiceStimulus
8E508BC5, STUVoiceStimulusCatalog
7FCD1D22, STUWallMoveProfile
544B707B, STUWaypointComponent
FA0FB365, STUWaypointInstanceData
378F54CD, STUWeaponComponent
78942477, STUWeaponDefinition
561F1627, STUXPGain
C611D2BA, teAITotem
5F2BDDF4, teAITotemGraph
121BE9D2, teAITotemSurfaceAdditionalData
8DF63EB2, teStructuredData

CD35AD96,STUConfigVarVoiceStimulus
38901D1B,STUConfigVarModelLook
6324DD9F,STUConfigVarIdentifier
BDDEA53B,STUConfigVarGameRuleset
7B44C3C9,STUConfigVarTargetTag
E9FE238D,STUConfigVarUXScreen
EE7800E7,STUConfigVarAnimAlias
CC28A9D6,STUConfigVarAnimCategory
4E83493,STUConfigVarStatescriptGraph
5C7964FF,STUConfigVarLogicalButton
6B8D7717,STUConfigVarUnlock
34D7F9EE,STUIdentifier
11130C58,STUGraphItem
5DBBDD70,STUGraphContainer
B10ED5A,STUHeroSettingIdentifier
C5645645,STUGenericSettings_HeroSettings
22E702BC,STUBreakable
57C0835F,STUComponentInstanceData
AECA23C1,STULocalPersistedSettings
897C6FB,STUSoundFilter
62EC111E,STUGenericSettings_XPGains
60A6A770,STUGenericSettings_Chat
805D512E,STUConfigVarGetGameModeName
E1F3F18A,STUConfigVarGetGameMode
5508412B,STURayCastReceiverComponent
B99D70FB,STUMaterialData
D82DC477,STUGameMessage
FF7876F9,STUConfigVarGameMessage
C6ECC208,STUAILevelPlacedMetaData
E99EA206,STUGenericSettings_GamePad
81D63677,STUVoiceConversation
C06A57DC,STUAnimGameData_Base
D27106CC,STUAnimGameData_Animation
4FB2CE32,STUSkinTheme
8B9DEB02,STUUnlock_SkinTheme
D4239A46,STUConfigVarSkinTheme
C25082A2,STUSkin

EFD4B39B, MStatescriptStateAbility
FF61AF77, MStatescriptStateBooleanSwitch
C7E37801, MStatescriptStateGameMessageEntry
E8070640, MStatescriptStateLogicalButton
9A97A6C3, MStatescriptStateTrackMovement

D8A4D7E3,STUGenericSettings_CustomGameBrowser
778E5AD9,STUGenericSettings_Profile

DA8A391F,STUConfigVarUUID
441E2CBC,STUConfigVarUUIDBase

33597A76,STUGenericSettings_PlayerProgression
4CD3930F,STUStatescriptTrackTargetsSortBy
916290AD,STUStatescriptActionMovementMod
8F754DFF,STUResourceKey
A820FF71,STUConfigVarResourceKey
33F56AC1,STUProgressionUnlocks
4EE84DC0,STUUnlock_POTGAnimation
61632B43,STUUnlock_LootBox
7979C642,STUUnlock_Trophy
7BAB998B,STUYear
6C3D64B4,STUShippable
9B73837C,STUWeek
9AEC628E,STUCriteria
8DAF521C,STUGenericSettings_Scoring
11B76C52,STUGenericSettings_Social
FE824013,STUGenericSettings_Ranked
ED876E4D,STUGenericSettings_Combat
1B2B4C1D,STUUXArc
5FE555AA,STUUXBool
69FDE116,STUSoundWEMFile
3771CCE4,STUUnlock_PortraitBorder
F42FE559,STUMapHeader
A39020FE,STUSoundIntegrity
7A0D01F1,STURankedSeason
ED3B1B3D,STURankedData
0AB61EC9,STUSkinBase
FCAE7959,STUSkinLink
825E131A,STUModelTransform
285EF524,STUModelLighting
25F1B2A7,STUModelLOD
AE7E5A7F,STUModelJoint
18983F67,STUModelSection
440D818B,STUUXComponent
C1766B6E,STUPetComponent
1BFE2681,STUPayloadComponent
99D0CF4A,STUOutlineComponent
3ECCEB5D,STUUnlock_PortraitFrame
15720E8A,STUUnlock_SprayPaint
22DB169C,STUUXResource
1CE470C5,STUVoiceLineSet
CD24159B,STUVoiceLine
EFBA4A22, STUGameModeHero
F1381416, STUGameModeScores
CC724BE1, STUGameModeValue
0D33CA53, STUGameModeHeroSpecific
EA02F810, STUBloomData
3D8CF2E0, STUBreakableData
8CDD0BA6, STUEnlightenData
016A18B2, STUFogData
623DE797, STUThumbnailData
0ECA6FF0, STUEffectMaterial
F1350107, STUEffectTrack
06250F9B, STUMapLayer
98B0D4B1, STUMaterialType
102951B4, STUAnimBlendTreeSet_Graph
162BA6A1, STULineupPoseVariant
AD81A809, STUVoiceStimulusHeader
5106BD1C, STUVoiceConversationSet
BABC78AD, STUConfigVarGetFPS
3D2488D2, STUConfigVarGetGravity
35880790, STUConfigVarGetKiller
358D4627, STUConfigVarGetStat
D1D51F19, STUConfigVarGetTeam
CBD4F4F2, STUConfigVarGetThrottle
266CA3BC, STUConfigVarAnimationBase
520C3B25, STUConfigVarGenderBase
FF20DA09, STUConfigVarSkinBase
0889B144, STUConfigVarUnlockBase
13BA10F6, STUConfigVarArray
098C01A7, STUConfigVarSkin
40E90160, STUConfigVarLocale
8CB6BE1C, STUConfigVarIterable
90E9E721, STUConfigVarHandle
C62ECDBA, STUConfigVarGender
D466D90F, STUConfigVarGetEntityController
1B6632CD, STUConfigVarGetEntityExists
6EBE5E3F, STUConfigVarGetEntityGender
6723776E, STUConfigVarGetEntityHealth
74BCF7AB, STUConfigVarGetEntityHero
0BADB906, STUConfigVarGetEntityYaw
7B51E72B, STUConfigVarGetEntityName
62659035, STUConfigVarGetEntityPitch
897CB94A, STUConfigVarGetEntitySlot
8BA08EDD, STUStatescriptStateUXBase
01419D1C, STUStatescriptStateUXFade
D6AFF88F, STUStatescriptStateUXHealth
23A384F3, STUStatescriptStateUXMatchmaking
E0309618, STUStatescriptStateUXProgression
4B09A537, STUStatescriptStateUXParty
71C68397, STUStatescriptStateUXToast
1193116D, STUStatescriptStateUXSubtitles
99C92F33, STUStatescriptStateUXMatchPlayer
DFF7E7A8, STUStatescriptStateAimBase
06BCF0DF, STUStatescriptStateSubScriptBase
3DB862C4, STUStatescriptStateSubScript
87A2EDD1, STUStatescriptStateSequencer
EB44D05F, STUStatescriptStateRelay
FA0FEC4F, STUStatescriptStateUnkillable
7620C22B, STUStatescriptStatePlayScript
1E9BD401, STUStatescriptStatePackage
2A0FB7E6, STUStatescriptStateInvincible
26CB90C0, STUStatescriptStateExtender
01D127EC, STUStatescriptStateCounter
20A736E0, STUStatescriptStateBridge
971645FE, STUStatescriptStateAttach
E831BEF1, STUStatescriptStateAssist
FEA1E74B, STUStatescriptStateAccelerate
41BD3F6F, STUStatescriptStateCriteria
1787A82D, STUStatescriptStateSprayEffect
10FC71BA, STUStatescriptStateCameraChase
F2077E61, STUStatescriptStateCameraShake
4FB347AA, STUStatescriptStateHeroSelect
59E5E3CC, STUStatescriptStateTrackArea
091D24F8, STUStatescriptStateTrackInput
85D43F96, STUStatescriptStateWeaponAim
BC3A55C5, STUStatescriptStateWeaponAccuracy
66BD247B, STUStatescriptWeaponProjectileExplosion
4EF1DD7E, STUStatescriptWeaponProjectileImpact
BD3511F6, STUStatescriptWeaponProjectileRicochet
A46B7DB3, STUStatescriptWeaponProjectileSettle
0DDA5AFC, STUStatescriptWeaponProjectileSpawn
19B133BE, STUStatescriptWeaponProjectileSticky
35874682, STUStatescriptWeaponProjectileTracking
A8880F27, STUStatescriptActionBlink
0D5A6DD2, STUStatescriptActionHack
047F99E4, STUStatescriptActionNoOp
F5A51858, STUStatescriptActionRepeat
15B44727, STUStatescriptActionTerminator
46C48944, STUStatescriptEntryPlayScript
5DA5EE55, STUGraphExtents
7E95EBCF, STUBackgroundMaterial
4DB01428, STUBlendMaterial
D29AC2B2, STUDecalMaterial
A431771C, STUClothMaterial
B37CB75A, STUContactMaterial
D7F9341A, STUCutoutMaterial
4B1C7722, STUFresnelMaterial
C1D57DE0, STUHairMaterial
FAB7F159, STUGlassMaterial
EA405E0D, STUHighlightMaterial
E0E02D2D, STUPhysicsMaterial
B4D95769, STUParallaxMaterial
08B7BDBC, STUOverlayMaterial
DF3D1CE9, STUPropMaterial
53490C27, STUSimpleMaterial
8A4A1BA8, STUSkyMaterial
1404DDF3, STUSkinMaterial
682EF5DC, STUSnowMaterial
3275DB08, STUWaterMaterial
A1403E11, STUVegetationMaterial
37AE888C, STUAITacticalVolumeMap
18171A27, STUAIBot
93659A23, STULicenseUnlock
6B328812, STULootBoxLink
5852C346, STUConfigVarGetMapTease
E935B683, STUConfigVarGetHeroCategory
FB40BC8D, STUConfigVarGetHeroCost
86F201AA, STUConfigVarGetHeroIcon
BD455677, STUConfigVarGetHeroName
153A4773, STUConfigVarGetHeroPreview
B40FA21B, STUConfigVarGetHeroRole
E4BE1517, STUConfigVarGetHeroResponsible
F062BA36, STUConfigVarGetPetMaster
200E4E2A, STUConfigVarGetGameRuleset
72D74937, STUConfigVarGetGameRulesetValue
A08D3C3B, STUConfigVarGetEntityVelocityVector
5BFB7C03, STUConfigVarGetLootBoxAsset
D07CA4AB, STUConfigVarGetStringLength
8AB3A50F, STUConfigVarGetSkinOverride
98DADBBF, STUConfigVarGetSkinName
AF35D87B, STUConfigVarGetUnlockIcon
8305C688, STUSkinRuntimeOverride
309C2622, STUConfigVarGetLoadoutIcon
9E813EAE, STUConfigVarGetLoadoutInfo
17C971A1, STUConfigVarGetLogicalButtonName
4728057A, STUGenericSettings_TeamColoring
D9D4847A, STUGenericSettings_LootBoxes
B4E74A5A, STUGenericSettings_LineupOverrides
783E033C, STUGenericSettings_LobbyMapCatalogs
A8FCB55B, STUGenericSettings_PurchaseableUnlocks
8091AD10, STUGenericSettings_DefaultInput
277A8C89, STUGenericSettings_SprayReplacement
6C0BBD69, STUAnimNode_LayerChild
7257D253, STUAnimNode_LayerIsolate
B89FF870, STUAnimNode_LayerOverride
DCA73D9C, STUAnimNode_LayerAdditive
E4F23996, STUAnimNode_Turn
EA2D2988, STUAnimNode_Identity
BCC086BA, STUAnimNode_Random
D23E1767, STUAnimNode_Sequence
FBD2B113, STUAnimGameData_Skeleton
4F67103D, STUStatescriptActionBeamEffect
F769F319, STUNumberSettings
4CE192FD, STUAssetTag
39C44974, STUAssetPalette
594D7FEE, STUAssetPaletteEntry
2049899F, STUAssetPackage
66462FD5, STUEmptyAsset
EEE5D3CC, STUPresenceIdentifier
732623C4, STUConfigVarGetEscortPos
E5E40E59, STUConfigVarGetAIFacingVector
2F48315D, STUConfigVarGetAIDestination
B0E8443B, STUConfigVarGetAITarget
1AA1AF01, STURayCastType
7DDBB13B, STUSoundSpace
F73AA2FA, STUSoundState
FA27CA8B, STUSoundStateGroup
B072511B, STUSoundLayer
5C4B3874, STUSoundSwitchGroup
ECFE2B4E, STULightingLayer
C7FB5A29, STUPrefabLayer
E6FF05BA, STUContactEffect
2104D0F9, STUMaterialDataFlow
81835534, STUColorType
72F898B2, STUGrayType
DA631D0A, STUNormalType
6A4783A4, STURampType
86BA3411, STUUXType
908FA5B4, STUWaterType
2647EE2C, STUUXIDLink
992CD1C4, STUUXIDResource
8CDAA871, STUUnlock_AvatarPortrait
3482B4E9, STUUnlock_HeroMod
3AC0997D, STUUnlock_RankedCurrency
6DA011A1, STUUnlock_SprayPaintEffect
FD609E58, STURankedTierDefinition
E1A32AA6, STUGameModeLegacy
5C62330E, STUMapCelebrationOverride
240DBF22, STUContactSet
17C5E999, STUContactSetComponent
73FE9B53, STUConfigVarContactSet

E1CEBF0D, STUAnimNode_LockMain
B26F2291, STUAnimBoneSet
DAFBF511, STUAnimationSettings
B740FD14, STUCollisionConfig
EB8865E8, STUPlaybackProperties
44B35DD4, STULocalizationSettings
3BCC4FFE, STUPlatformSettings
9BE9B60B, STURegionSettings
46F1EF57, STUBoneLabel
3632EEF9, STUFontFamily

F12910A9, STUVoiceWEMFile

C932F515, STUCriteria_Stat
2D6AAC2B, STUCriteria_Team
49BCEB0C, STUCriteria_Statescript
83066946, STUCriteriaContainer
1F26F69F, STUCriteria_HeroLevel
C843E89D, STUCriteria_PlayerLevel
4B089AA7, STUCriteria_OnMap
0B3E27D7, STUCriteria_IsHero