EF688A99, AABB3Ds
24306934, AccumulatedArea
0A11C604, AITacicalVolumes
2367E322, AnimFrames
D7943D68, Area
06F7CD27, Capsule3Ds
A039A2F3, Centroid
FFB46958, fRadius
8DF8D3EC, fRadiusA
14F18256, fRadiusB
06D48E86, fSize
D4DF9339, lifeTimeSecs
3ACBBC8C, Line3Ds
FD24B86E, m_abortPlug
6E91DC60, m_achievements
018DAEFC, m_active
8130B820, m_additiveFiring
D64683D1, m_aimID
195EAE81, m_ambient
C43222BC, m_amount
4C76FA6D, m_angle
BBAB1943, m_animAlias
D3832764, m_animation
FAEDB97C, m_animBlendTreeGUID
DF051A78, m_animBlendTreeSet
FF4E5A67, m_animBlendTreeSetGUID
47FA772B, m_animNodes
44A7CD9F, m_animParamUpdater
B9E6F5B2, m_animRecoilImpulseFactor
BC4F5D52, m_animTrackOverrides
E3E6DD43, m_aNodes
904E18DB, m_answer
00E64F84, m_areaID
1D5A4B8A, m_arrangement
33422F70, m_assets
49F7955A, m_aura
CF0BA304, m_availableHeroes
FB358CDB, m_backgroundColor
5E1BC440, m_base
BEC2BEAE, m_beginPlug
5F03FB03, m_bindings
841B307C, m_blendTime
70B56EE6, m_blendTreeItems
4F75B51C, m_bodyType
31AB588C, m_bodyVars
ABE98556, m_bone
950A0D4D, m_bonePoseOverrideItems
99ADD24F, m_bones
AB041114, m_boneWeights
81060D8D, m_boxes
ECA54F6C, m_breakable
AB52EF36, m_breakableConfig
DD0997DA, m_breakableData
7E13BAA9, m_buckets
A358340A, m_castFilter
DDE1F5A5, m_castLength
E7E0054D, m_castRadius
41637E0E, m_catalog
FF17AC75, m_categories
0916AFB9, m_category
C1458915, m_celebration
27E6A1B4, m_chatCommandType
6E44EB4D, m_child
3B6EE2B7, m_childEntityData
AECD07C2, m_children
4FF25313, m_clientOnly
7C78705A, m_clothConfig
2AA1F78D, m_color
D485A69D, m_command
9564A554, m_commands
CE3B1E25, m_comment
51ECBE60, m_compiled
4D3D665B, m_complete
E3072BFB, m_condition
4FA6B85D, m_configAnimAlias
ABF9D9AF, m_configAnimations
EF4D96D2, m_configAnimBoneWeightMasks
499609D2, m_configAnimCategory
AC4AC0BE, m_configAnimCurves
84BA5D33, m_configAnimIdentifiers
078C788E, m_configAnimSynchGroups
AB1C188D, m_configBools
8D69D751, m_configDataFlow
130411DC, m_configFloats
EF4B9BC7, m_configured
65CE2851, m_configVars
7CE34015, m_configVec2s
65F87154, m_configVec3s
5F4CA7D8, m_contactType
89168C87, m_controller
685BCF04, m_controllers
C92EFB06, m_count
B7CD05FA, m_crc
CAE5A1E6, m_crouch
B5921B80, m_crouchMovement
660C3E47, m_currency
E056478C, m_currencyRarityRules
EDABEA76, m_curVal
2F823FD5, m_dampingFactor
335CC942, m_data
547D9847, m_dataFlow
ABB06A4A, m_death
B9114C96, m_default
8C020B61, m_defaultBlendFrames
BA10B1B7, m_defaultValue
B654A30D, m_depth
0E27C815, m_description
5D05B699, m_destination
5C704AF7, m_destinationBone
F87CB386, m_destinationEntity
5EF95C02, m_destinationObject
4554ABF1, m_difficultyProfiles
7104F817, m_dir
609B720B, m_direction
5E4E52F4, m_dirWS
A4DE4495, m_displayName
C1769D54, m_displayText
13C82CF9, m_distance
890536B8, m_duration
8457A37E, m_dynamicTreeDef
A2B993AB, m_dynamicVars
BD701DCF, m_earlyBoundPathParts
769A994A, m_edgeLoops
FCF3C30C, m_effect
40BA931A, m_effectByCategory
79CA545A, m_effectGUID
799F4FEA, m_effectLook
124470E3, m_effects
274B3AA2, m_emote
B9339ACC, m_enable
CB53B1B6, m_end
0E31088B, m_endTime
44BB1696, m_entity
B571FAB4, m_entityDef
40877716, m_entityDefinition
08FF5B22, m_entityHandle
6CF6BB26, m_entityID
77B7FF8C, m_entries
90119470, m_enum
112A0315, m_error
191405B4, m_events
1DD4BC1C, m_expression
063747CB, m_externalRefs
7BD44F88, m_failure
152260B1, m_falloff
B0FEA54E, m_falsePlug
DE163A4C, m_falseSubgraphPlug
9AB20571, m_fileSize
35570DE3, m_filter
69B9BD40, m_finalFireBlendFrames
1F46204C, m_firing
EB5013FF, m_firingAccumulate
D0389D14, m_firingBlendFrames
4F344505, m_fixedDataFlow
AC0B10BE, m_fixedThreat
47F2FEDE, m_flags
D3ADA757, m_fogProjectedTexture
3A721079, m_foregroundColor
ECA86FF5, m_fragments
27B59B51, m_from
F4984F24, m_gameData
C322A144, m_gamedataParamIds
CEA1FBEC, m_gamemode
3DEFF5B4, m_gameplayEntity
B86F2E64, m_gameRulesetSchemas
637A3764, m_geoSetFlags
2EED3876, m_globalAdditive
94166C37, m_globalLayerMultipliers
4AD5FD9A, m_globalOverride
54161545, m_globalWeightMultipliers
948C109C, m_glyphs
45B2BAB8, m_graph
B5C0F593, m_guid
DB137227, m_handle
7F9CA90F, m_hardcodedAnimCategoryRefs
DA37BCF8, m_hardPoint
A8B28299, m_hardPoints
F6258155, m_hasDuration
4F175899, m_hash
DBCA9276, m_hasReachedDestination
24E1FA3F, m_header
BFDEB7F1, m_height
CF6154A7, m_hero
1D1FDD39, m_heroes
FB74C628, m_heroSpecificSettings
CD61BC4D, m_heroWeapons
7108ECE0, m_id
B2CA6977, m_identifier
428B8F34, m_idle
8463F861, m_ignoreEntities
9C027BC8, m_IKItems
55260B76, m_info
47C1F342, m_infoMovie
CCF79462, m_initialFire
5442B7A7, m_initialFireBlendFrames
43894602, m_initialFireTimeTilInterupt
59C48F73, m_inPlug
94DF8DB3, m_input
D120D20C, m_input1
482983B6, m_input2
9DC0D3A6, m_inputPlug
2C6340ED, m_inputText
D900A4F6, m_instanceID
24F6A3D1, m_instances
2D2057F1, m_instigator
A52EE561, m_interrupt
FB30E9D5, m_isVec
ADE95629, m_items
D46B0357, m_jointData
391C3C37, m_jump
32AF9120, m_kerningPairs
413F29AE, m_key
CD0F2F64, m_keyID
2A217ECD, m_keys
59DAADC5, m_knockbackRings
D0334A6F, m_lastTickTime
A82C9E7E, m_layer
AC1BBFAE, m_layers
D61D7377, m_level
9D751E7C, m_links
242A820B, m_loadout
AF57E772, m_loadoutOverrides
8CF83C01, m_loadouts
E4BAD1E9, m_lobbyMapGUID
0B139466, m_locale
09C9B3FF, m_locomotion
3C9341F5, m_logicalButton
B595EE23, m_look
7A404E56, m_lootbox
580228BC, m_map
1D13928C, m_mapGUID
D9813284, m_maps
E1C0F911, m_mask
73E4C3ED, m_material
E91154F1, m_materialData
BDA50BC3, m_materialEffect
19DEF90A, m_materialEffects
C5C6B50D, m_materials
56D9A08E, m_max
ECF27C36, m_message
404E826C, m_metaData
6AD49FD7, m_min
09657D8A, m_mode
9B62CDBD, m_model
6D4304BF, m_modelLook
89174668, m_modifyHealth
FB87238F, m_movement
51A94D0B, m_movie
FCBA3A11, m_mtxWS
510617D6, m_muzzles
C08C4427, m_name
9A802A1D, m_next
41891A57, m_nodeCount
51CABA98, m_nodes
F7EAE932, m_nodesBitCount
472BEC0C, m_numProjectilesPerShot
120FD2F8, m_numShotsPerSecond
41BA609A, m_onAbortPlug
025C665A, m_onBeginPlug
E2E57DE3, m_onComingUpPlug
D358F990, m_onDownSubgraphPlug
D2CD7C9F, m_onEndPlug
0C607DBA, m_onFalsePlug
514EF3F5, m_onFinished
FE841C79, m_onFinishedPlug
F81224CC, m_onGoingDownPlug
48C4F9C7, m_onMinShotsPlug
609F5617, m_onTruePlug
C8398FD9, m_onUpSubgraphPlug
927094AA, m_opcodes
EDF0B955, m_operations
4F91AA05, m_optionalFinalFire
8A7AB6CE, m_options
7245EF9E, m_out
CB5A4101, m_out_CooldownVar
0420C787, m_out_HitEntity
2B8DEB0B, m_out_HitNormal
0D48DF87, m_out_HitPointWS
B511E5D6, m_out_HitSomething
1AE85F43, m_out_StackVar
EC9F34A6, m_out_Var
460C9ED6, m_outPlug
864D4660, m_output
841525A0, m_outputPlug
83975918, m_owner
83F47807, m_pain
912F8CA6, m_painBlendFrames
744632A8, m_parameter
C55D5C0D, m_params
771D32B1, m_parent
A11F32DF, m_parentIndices
365378C7, m_parentNode
F321AB27, m_playScriptHotReloadBehavior
4B7664AB, m_pos
AE95765E, m_pose
E29F6BD8, m_poseDataVecs
4976528D, m_position
33073533, m_possessor
3CB02B91, m_previewEmoteEntity
72D7CA9E, m_previewWeaponEntities
6DFC6A5F, m_priority
FD2C111F, m_productID
BB8D2E4C, m_projectedTexture
F7329268, m_projectileEntity
5257BE73, m_projectileLifetime
B5D34136, m_projectileMotions
AC2F916A, m_projectileSpeed
12D35E1F, m_projectileVisual
4227DBDA, m_properties
B7E82F8D, m_proxyCount
7CAAB050, m_publicSchema
71EF3CA4, m_radius
FD00D6B5, m_ragdollConfig
FD53ECB8, m_rarity
DCEBE5E4, m_rarityCosts
FA6C2B70, m_rarityRules
0EF347AE, m_regex
45F1A388, m_region
F82835BA, m_regions
D6484A9C, m_remoteSyncNodes
47600440, m_remoteSyncNodesBitCount
15E3B606, m_repeatFireBlendFrames
015BAEFB, m_repeatFireTimeTilInterupt
DA62919A, m_repeatFireVariation1
436BC020, m_repeatFireVariation2
346CF0B6, m_repeatFireVariation3
AA086515, m_repeatFireVariation4
D75420DA, m_residencyMultipliers
B1B74816, m_resources
DCF4028D, m_retargetParams
C20FDDC1, m_reticleType
5AF1F1D0, m_rigidBodyConfig
0706E05F, m_rngIndices
1DE3887C, m_rngWeights
885BC37A, m_root
BEADA18E, m_rootAnimAliasGUID
F90ADD48, m_rootElement
26262E89, m_rotation
A170ADA1, m_rulesets
52B28679, m_rulesetWinRewards
169A208D, m_runAimAdditiveE
8148F905, m_runAimAdditiveN
9F31C62C, m_runAimAdditiveNE
6C88B764, m_runAimAdditiveNW
E24E95DC, m_runAimAdditiveS
605DAA30, m_runAimAdditiveSE
93E4DB78, m_runAimAdditiveSW
E52351C5, m_runAimAdditiveW
EA41F46F, m_runE
7D932DE7, m_runN
D1C99EAC, m_runNE
2270EFE4, m_runNW
1E95413E, m_runS
2EA5F2B0, m_runSE
537D5E27, m_runSpeedE
C4AF87AF, m_runSpeedN
A9776BA4, m_runSpeedNE
5ACE1AEC, m_runSpeedNW
A7A9EB76, m_runSpeedS
561B07B8, m_runSpeedSE
A5A276F0, m_runSpeedSW
A0C42F6F, m_runSpeedW
DD1C83F8, m_runSW
19F88527, m_runW
D21E2823, m_screenScale
5612D5C4, m_script
29946D51, m_segments
10FE8708, m_server
569FCAED, m_serverOnly
9DCA6030, m_settingID
EA1F16BD, m_settings
B560CCD6, m_shader
C6C46D25, m_shopCards
7A8030DD, m_showHUDWarningIndicator
696F1E4B, m_size
D2821F52, m_skeleton
32A11A46, m_slot
6105DA5C, m_soundBank
91EFE48E, m_soundSwitch
0F36E281, m_soundWEMFiles
7EC6FE2A, m_soundWEMStreams
15192D8D, m_source
D3DF533D, m_sourcePlatform
812378EB, m_sourceValueInfo
43D14192, m_speed
3B551051, m_speedScalar
3626F286, m_spread
D38EEAEB, m_start
04081EFD, m_startPosWS
70453DA1, m_startTime
BE17C500, m_stat
EF646D9F, m_state
61E25705, m_stateGroup
7B5125B3, m_states
B6A640C2, m_statesBitCount
1BB0D8CE, m_stats
319337E2, m_status
D42DE057, m_string
3F6FFA05, m_subgraphPlug
900FDDB0, m_subScriptNotificationPulses
0F2469EB, m_subType
354F93FB, m_success
257A19E6, m_switch
0E7F6C88, m_syncVars
B30634BA, m_syncVarsBitCount
DD2535C2, m_tacticalVolumes
C8263584, m_tag
0CFC7D02, m_target
C2E03957, m_targetNode
F50C525A, m_targets
28234534, m_targetTags
DA359D3C, m_teams
983AA9FB, m_template
A5249DE6, m_text
62DCE57F, m_textColor
D829413B, m_texture
B15392E8, m_textureGUID
CD802620, m_threatPerSecond
2C3E8004, m_timeKeys
DB0E39DB, m_timeout
AEA33C68, m_timeRemainingMS
FB074586, m_timeStamp
832C3A4B, m_tip
FA837B29, m_tips
19B65974, m_to
F993CC9F, m_topSubgraphPlug
40781857, m_transactionID
31D9CBE7, m_transitionPlug
F384EA75, m_transitions
47E76A26, m_treeCRC
36DCED5D, m_triangles
98C4B8A6, m_truePlug
DC7AB998, m_trueSubgraphPlug
12716D08, m_type
8CBA8450, m_underSubgraphPlug
52157A7A, m_uniqueID
2077E211, m_unlock
719E981B, m_unlocks
3B888342, m_usageCategory
E57007D5, m_userWeights
4FD06A87, m_uuid
5180E750, m_value
F4C17442, m_valueKeys
70341E18, m_values
D61ADEA9, m_variables
6CAF8098, m_vars
3087F61A, m_vecArray
E5539F8A, m_version
5455FAC6, m_versionedBankData
E160E571, m_vibration
07894AA8, m_viewGUID
2ADB6D26, m_viewModel
78A7D820, m_voiceLineGUIDs
CED17EB1, m_voiceLineInstances
ADDF889C, m_voiceStimulus
F3099F20, m_volume
4A0D3E2E, m_volumeID
2093E65C, m_volumes
A61C54F9, m_weaponType
4D5E07BF, m_weight
C0EDFA4B, m_width
F88A210D, m_wwiseEventIDPlay
1F55E901, m_wwiseEventIDStop
4BDAEF24, m_wwiseFileID
567AF4DE, m_wwiseWEMFileIDs
46EEF28E, m_wwiseWEMStreamIDs
C93D0E0C, m_zones
4E9F6278, Neighbors
A9701C27, PackedColor
CC50013B, PathableCentroid
B798076C, Point3Ds
3B7C6E5A, Radius
6B1F0518, Rect2Ds
5B298FF6, RotationScaled
6A74E708, SortText
024D8737, Sphere3Ds
D3CF5F85, SphereCentroid
9789E7EB, SurfaceAdditionalData
DC8A979C, SurfaceIds
F6546C73, SurfaceIdToTotemMap
3B8BA7C7, Text
1E3DFC86, Text3Ds
D940990C, TextBlock
1261C3B9, TextBlocks
890D0584, Totems
320FB5B4, TriList
D730B72B, TriLists
97FAE625, vBasisX
E0FDD6B3, vBasisY
79F48709, vBasisZ
C826BAF5, vHalfDims
B58C7E7A, vPos_WS
982D7B62, vPosTo_WS

13DE21C5,m_gameRuleset
6C7B8CE4,m_voiceDefinition
95DF33CE,m_screen
BE1CEF88,m_DBID
8DD756AB,m_client
74AE9A0B,m_gameplaySettings
E12F0237,m_voiceChatSettings
3C26D198,m_volley
CE7AAD81,m_XPGains
1DCB9CA6,m_chatCommands
74E16D3C,m_chatChannels
D5BD9215,m_chatChannelColor
D383ACFE,m_chatChannelName
17E85D1,m_chatChannelType
C03D6E94,m_chatCommandAliases
AE517B51,m_additionalUnlocks
2DC24372,m_lootBoxCelebrationOverrides
75B4BB05,m_commandDescription
E0799845,m_hitReactions
D75C4FF,m_bodyPartDamageGroups
BC15971B,m_idleAnimation
637FE4E5,m_mapCatalog
98B129EB,m_stimulus
4A53D14C,m_raycastReceiver
16D6D2C4,m_rank
4DEA7F48,m_stars
5178F207,m_gameMessage
8CC00C78,m_POTGData
2A32CED5,m_chokes
1B4A676B,m_weightDriver
B60696F3,m_animSlotID
3A0D9527,m_slotAnims
2F60A236,m_animAliases
95DF7ECD,m_animDatas
A8380F29,m_rootNode
576A1360,m_synchGroup
81F083E2,m_skinTheme
558BBCDC,m_skinThemes
9CD6523F,m_skin
ADF43464,m_skins
796A7C71,m_celebrationUnlocks
649099ED,m_celebrationType

526640D9,m_teamIndex
06207B8F,m_resourceKey
559519F6,m_heroProgression
EED56A94,m_POTGAnimation
5BB9A817,m_trophy
24CCF5E0,m_sections
C452A30B,m_lighting
D7643B06, m_heroEffects
E75BEDA5, m_heroGUID
3BF4067D, m_heroSize
685F2338, m_mapName
FF1D1392, m_mapGUIDs
F16265F5, m_internalOnly
4F9828A3, m_internalName
A6459408, m_skinEffects
876B3D19, m_skinThumbnail
9EBE9F47, m_skinCode
AE4562F7, m_models
26C7BD16, m_animationEffect
AD5DB765, m_animationGUID
1BA2AF1B, m_animationID
ED8F6A69, m_animationSettings
A808FBB7, m_animationStreams
E63A73DB, m_animID
1690EF48, m_animDuration
0D5E2F60, m_animCurve
96837649, m_animCategory
14A4B82D, m_animCategories
0AA64D4B, m_materialAssignments
E549F90C, m_heroColor
7300262A, m_textureCrosshair
16E20A73, m_textureType
B6A2A90F, m_voiceConversation
73ADA147, m_voiceDef
B7E6C566, m_voiceIcon
738AADFB, m_poseUnlock
0841F7A8, m_weapons
F0F5DA3A, m_weaponID
EDDA419E, m_lootboxes
581570BA, m_lootboxType
DC518B04, m_AIHero
FCDFD33B, m_baseEntity
8AE404D5, m_cameraType
1CFD3DAB, m_compressionType
76236DBA, m_displayType
BAA20A17, m_mapType
213692AE, m_resourceDictionaries
B4436F31, m_teamColor
96058974, m_rankTexture
77B08A61, m_voiceLineRuntime
4C6854CF, m_voiceLineSet
2DBBA7DB, m_set
A1536AA4, m_statescriptGraph
7F168734, m_licenseUnlocks
C83CF0BB, m_materialType
1AC1D994, m_materialName
2C6BB61A, m_january
42789DC4, m_february
322106D3, m_march
E2F6F7BB, m_april
21DE9018, m_may
7FEC8B1F, m_june
59DBB5D2, m_july
AE7ABA0C, m_august
E06A3E7A, m_september
B678E329, m_october
7AD04E17, m_november
1C7B9EB9, m_december
95417FF7, m_monday
B652FCB0, m_tuesday
CBAFB6C4, m_wednesday
41AD24D4, m_thursday
FA21E4BE, m_friday
1F3000CE, m_saturday
86CD933F, m_sunday
F3309342, m_longWeek
3FA0931D, m_shortWeek
7292116E, m_equipUnlock
79DCD591, m_hoverUnlock
287890CA, m_hoveringUnlock
2A0F81E0, m_previewUnlock
F90F4777, m_sprayUnlock
9633F663, m_sourceMaterial
AB0D1C71, m_contactMaterial
E21D15D7, m_controllerEntity
F7929EC9, m_parentEntity
EFEC3A69, m_targetingEntity
B8566BBA, m_trackingEntity
87089166, m_targetEntity
A2ABD155, m_sourceEntity
5E8C6F4D, m_requesterEntity
B3A827A6, m_queueEntity
23DAE9A9, m_posEntity
543B6B57, m_propEntity
5EFD65ED, m_possessorEntity
4EC37567, m_previewEntity
77BDCBEF, m_petEntity
174A15E0, m_ownerEntity
0043FC65, m_payloadEntity
E90D5288, m_observedEntity
07D00975, m_onEntity
D9900030, m_modelEntity
CBB900F7, m_listenerEntity
6B535939, m_itemEntity
5A77D9E6, m_forEntity
E3E53D03, m_escortEntity
D6BFCE3F, m_deflectorEntity
479BDB48, m_cosmeticEntity
E613BC23, m_controlledEntity
90A4CE09, m_chestEntity
71F08422, m_breakableEntity
8524EA10, m_candidateEntity
4443ECAD, m_cameraEntity
E21DC621, m_bodyEntity
AFEFA59A, m_basedEntity
63D80206, m_attackerEntity
51F5E688, m_clutterLook
DA82D7D5, m_clutterModel
DDC79F13, m_collisionModel
A6B05CE1, m_hideModel
E3AF1B33, m_previewModel
EAA02701, m_segmentModel
E860DC51, m_collisionShapes
40C71719, m_collisionRadius
430C5CDE, m_collisionRestitution
CDDBE8B1, m_collisionEffect
BF5710D7, m_collisionEnabled
576D3F4E, m_collisionCrc
5F804267, m_collisionChance
C9260E55, m_collisionBehavior
17A08ED7, m_hidePucks
C3BFAEA3, m_hideDelay
FC77A08D, m_stackingBehavior
D6568441, m_repeatBehavior
0E4C38E1, m_predictionBehavior
7AB18AD6, m_paramBehavior
4B31E7B9, m_loadBehavior
1930BE9A, m_durationBehavior
C99FB9C9, m_callbackBehavior
34F116C8, m_behavior
140A2F9C, m_beamEffect
76E60F03, m_breakEffect
037E2B0F, m_deathEffect
DAC5E8E8, m_cornerEffect
067A6080, m_contactEffect
142D6746, m_edgeEffect
11D5B94B, m_disableEffect
2A567F8D, m_explosionEffect
131699D3, m_endEffect
CB62F6BB, m_flybyEffect
8AE829CF, m_heavyEffect
537B9B9E, m_idleEffect
1D3A8DE1, m_launchEffect
3359E927, m_killEffect
5BF18190, m_lightEffect
0A4A56C0, m_missEffect
604115BC, m_physicsEffect
6D1E7EE1, m_recreateEffect
55E91BB6, m_ribbonEffect
BDB45C53, m_settleEffect
2ACEEFAC, m_startEffect
B0919026, m_stickEffect
3ABA2001, m_heroSettings
3185AFCE, m_numberSettings
46A984E4, m_UISettings
2B3A5CCF, m_otherDataFlow
FBE2C3C3, m_categoryDataFlow
9F64786E, m_valMap
E404C8A4, m_thicknessMap
CCF34F4E, m_roughnessMap
5361E75E, m_normalMap
D1152ED9, m_flowMap
B87FCC82, m_exactMap
806CC646, m_colorMap
A8F462EA, m_componentMap
C6C4FC83, m_baseMap
77393D27, m_alphaMap
1C6A0029, m_reset
4BB85F35, m_sourceSet
1399982E, m_offset
C5622F19, m_geoSet
A2102FBB, m_contactSet
110741A7, m_boneSet
E1939120, m_animBlendTree
D6CC7A56, m_emoteBlendTreeSet
45C6E995, m_blendTreeRef
8BF64A37, m_globalAnimAliases
A079AFB8, m_animAliasGUID
FC75D98C, m_categoryGUID
8FBC285F, m_categoryBlacklist
40B14C7E, m_baseModelLook
9719B746, m_graphOverrides
6DB997F5, m_graphData
8FBC150B, m_weaponGraph
888FA22A, m_forGraph
D63E9A95, m_effectPriority
576EE187, m_resPriority
2DE254BC, m_spawnPriority
1FA8EC7E, m_spawnEntities
8A690731, m_spawnGraphs
9C01A879, m_spawnHarnesses
9656FA7D, m_spawnHidden
762251B6, m_spawnPerformances
88F470E7, m_spawnPos
49D56325, m_spawnSleeping
25E61391, m_spawnTeam
27BCDE52, m_externalSound
A4FF9638, m_requiredCelebration
ACA3AD45, m_duringCelebration
C3210176, m_celebrationGUID
AD48D4FA, m_celebrationOverrides
1AFE6805, m_aimHardpoint
4652818C, m_attachHardpoint
1061008B, m_destinationHardpoint
A4D9D745, m_eyeHardpoint
CCD66D33, m_endHardpoint
A13D55A6, m_effectHardpoint
59630E4D, m_fallbackHardpoint
B2CDF16B, m_footHardpoint
5C91B28E, m_posHardpoint
F4DDB1AA, m_recreateHardpoint
D0D2C5EA, m_sourceHardpoint
49592351, m_targetHardpoint
7AF6509D, m_modelOwner
DD99BB78, m_lod
76FA48C2, m_transforms
9B68B58A, m_runtimeOverrides
60A550FC, m_viewOverride
33E9BE8E, m_lookOverride
37167C79, m_replacement
055DF770, m_aliases
12510F4B, m_announcer
8A3AC27F, m_bloom
EB9DB66E, m_bits
ADAC6458, m_bucket
8CACBE9E, m_breathe
56C6353F, m_thigh
309D2D73, m_ultimate
566631B7, m_rankedCurrency
6AA931B6, m_cardTexture
294A8C84, m_cardText
132527EE, m_voiceFirstName
B10A2B9, m_voiceLastName
73E6B245, m_chatCommand
1381B9C9, m_rankedTiers
E24BEF4D, m_rankedTier
2A8125FB, m_rankedSeason
9F2C4E78, m_rankedLevel
6B268BA4, m_rankedData
56D053CE, m_switchGroup
FBC621A2, m_soundSpace
71273263, m_soundState
0366584B, m_voiceLine
E1ED0A9D, m_voiceConversationLine
E41A330A, m_voiceConversationGuids
005823B4, m_parameterName
62265787, m_gameModeType
37D448C1, m_gameModeScores
274F7671, m_gameModeLegacy
F6D8234A, m_modeFlags
37898BCE, m_modeCRC
28F01BAE, m_lineupReplacements
15113461, m_viewProgression
49CFFEAB, m_viewer
5E427904, m_heroAmount
E575E8CF, m_heroBio
A7C1AAAC, m_heroBlacklist
4ABFB43F, m_heroPortrait
19F57DF6, m_heroLevel
4FC96D5F, m_heroLevels
23A0F518, m_weapon
9C40F1F5, m_weaponAim
01ADCC62, m_weaponGuid
3D6C3A68, m_forWeapon
AA2EF69A, m_enterGame
74BB97E2, m_enteringGame
5D3B9040, m_joinGame
FD659612, m_spectateGame
21D7500E, m_padStart
1FD82A96, m_padEnd
12040A7A, m_fontWeight
B0EADF78, m_fontStretch
20CFCA37, m_fontStyle
B02F7E60, m_fontFamily
4E3B32F3, m_font
B4AFBBA6, m_formatString
058BE3BD, m_distanceString
288169FC, m_stringArray
B94B8ADD, m_stringComparison
3F3D6740, m_stringFormat
EED526BC, m_strings
94FADF7F, m_stringValue
10DF8AA1, m_embeddedSkin
B155F89C, m_parentSkin
5D0EB11F, m_generatedSkinTheme
8DC46B69, m_AISkinTheme
60152994, m_unlockCount
32BC347F, m_unlockGUID
F73CC871, m_unlocksAwarded
5C57AB57, m_otherUnlocks
62C6760C, m_heroicUnlocks
F44D1974, m_entitlementUnlocks
B772FEE7, m_lootBoxesUnlocks
08C102FE, m_lootBoxesCurrencyUnlocks
997229F4, m_loadoutGroup
E10AC9EE, m_heroLoadout
7FF28B8A, m_announcerWelcome
52DFB67C, m_assetGUID
70C5AD95, m_assetPackage
717A78DC, m_raycastFilter
93F49971, m_raycastType
35C2499B, m_raycastRadius
B8426A9E, m_raycast
9738470F, m_baseAsset
DB0B045E, m_overrideAsset
D6E55AD9, m_logicalButtons
183F2E21, m_descriptionButtons
7F72C64E, m_resourceData
C4F54D40, m_resourceKeyId
3547155A, m_resourceKeyLookup
A78EC647, m_targetKey
DB80F546, m_propertyKey
927C306A, m_eventKey
1AD4EC1E, m_commandKey
682B3B61, m_consoleCommand
3A59D998, m_effectSpacing
CA060FD7, m_effectRadius
CB400A6F, m_effectLayout
294D2DBB, m_statCategory
7749E198, m_editCategory
08ADD538, m_dominoCategory
F57EF970, m_subDescription
DDD940C4, m_subName
FCF78172, m_catalogs
CE970CA0, m_statCategories
CFF73168, m_statClass
707C8CDD, m_statEvents
08D63396, m_statLosses
1CE69F8F, m_statWins
F2D6774D, m_averageStat
A120B4C8, m_bestStat
DDD19A1F, m_denominatorStat
74B9C9DA, m_derivedStat
04522CA9, m_mainStat
5D71EE31, m_numeratorStat
84568CDF, m_primaryAxis
2D53C5A4, m_primaryColor
70AB87EA, m_primaryEvent
598703EA, m_primaryFire
3ADDE640, m_secondaryColor
6725A40E, m_secondaryEvent
601AA474, m_secondaryFire
187C529A, m_secondaryStat
0BCCC903, m_secondaryStats
5FE91223, m_detailOnly
7C813033, m_editorOnly
E417AAF6, m_globalOnly
33047D80, m_readOnly
FDE4EBDA, m_rootsOnly
5A6CFAF4, m_verticalOnly
2415327B, m_settingsName
D6386C1A, m_settingsSlot
FD6DC85B, m_settingsMin
C160F702, m_settingsMax
AFF03AAF, m_IDLink
A803A3D0, m_link
EBFDCC5D, m_friendlyIcon
B6BBCACB, m_enemyIcon
098F599F, m_materialAO
24785474, m_materialSpecular
2E86E943, m_materialRoughness
1228A8C6, m_materialOpacity
2A40F2D5, m_materialNormal
2A775A49, m_materialEmissive
78135826, m_materialColor
69D55ACC, m_validActions
C973F699, m_chunkId
D2A5D209, m_isAbstract
82804596, m_isActive
8E523506, m_isAction
41AB4EA1, m_isAdditive
9C08D5A4, m_isArea
4C6E53C0, m_isBackdrop
99238F34, m_isBot
738D89E1, m_isBullet
A11B229D, m_isCoerced
099A0BDE, m_isCollection
EA90DDBD, m_isDefending
DC87B407, m_isCrouching
590A1F95, m_isDiffuse
14F5C93B, m_isDefault
CAED3A4C, m_isDuplicate
B2F05CA0, m_isEquipped
EC3CE801, m_isExpanded
AD409EB1, m_isFrozen
C2854590, m_isHostile
2C438348, m_isInactive
2C27D174, m_isIntrinsic
234C7105, m_isLocked
EAC3F522, m_isLoop
5CAFE63F, m_isPlaceholder
57CA7452, m_isRanked
95B166DF, m_isResurrection
E9E2290E, m_isRevealed
5D681197, m_isRoot
4B0385A1, m_isSearching
3F39322E, m_isSelected
2E1315FC, m_isSorted
310AC088, m_isState
39770788, m_isStream
007CC6B1, m_isTurret
1CB2904E, m_isVoluntary
A198200E, m_isUsable
D0E2D9FA, m_outScattering
2DDA10F0, m_outTangent
CC84D865, m_index
412380CD, m_indestructible
02F80F09, m_inline
49F2F2B0, m_inputs
6030C531, m_inScattering
BEF6A51D, m_inSocial
340FE6F6, m_inTangent
B7631B2A, m_intensity
B8813C39, m_invert
39D89271, m_out_Ammo
B1FC8800, m_out_Anim
5D633127, m_out_Array
FCEE9A99, m_out_Angle
BAF2D3A7, m_out_Challenge
A4BCD30C, m_out_Description
A0E19DD5, m_out_Duration
765279F0, m_out_Entities
A1B263E1, m_out_Error
FEDBB8F3, m_out_Entity
6173DC42, m_out_Handle
EC69264F, m_out_Heights
DB9D95E1, m_out_Hit
97A98714, m_out_Yaw
BC77119F, m_out_Instigator
0143B2F1, m_out_Yaws
7C1CB891, m_out_Index
929F1443, m_out_List
12E2191B, m_out_Map
8874925D, m_out_Name
416B39FB, m_out_Norm
A9F9364B, m_out_Offset
FAA9AE25, m_out_Offsets
476CCBE6, m_out_Parameter
137C5BC0, m_out_Password
DBF06149, m_out_Pitch
0196550C, m_out_Pos
6092F9E0, m_out_Position
4418C132, m_out_Priority
F8E2DE95, m_out_Roll
01C4328C, m_out_Scales
1CA86251, m_out_Speaker
7438CA3E, m_out_Sequence
CEF6E8C1, m_out_Score
AFF3B654, m_out_Sender
27B3702A, m_out_Slammed
D42E8445, m_out_Skin
1D6C5490, m_out_Skins
F3492166, m_out_Speed
C86EA723, m_out_Targets
EDDC4B9C, m_out_Text
B9C3741E, m_out_Time
E11887A4, m_out_Value
9866CBBC, m_out_Velocity

EF9AFD2D, m_entityDefinitions
C96FBC4D, m_entityIds
ADDA2576, m_entityRef
1B685179, m_entitySignature
CD2899B4, m_destinationRadius
FE0A2020, m_destinationNorm
AF5E3D3E, m_destinationOffset
755F076B, m_startVertex
D5A954BA, m_startPosition
A7D21004, m_startRadius
A855D965, m_startTangent
BD2B16BA, m_startNormal
C5A4B48E, m_startOffset
EDF952B4, m_startPercent
1280CB09, m_startFrame
A6A8D263, m_startButton
5B2651F2, m_startCondition
9E0A667B, m_endRadius
68D66DBE, m_endTangent
C94576EA, m_endFrame
FC7CC2F1, m_endOffset
84F360C5, m_endNormal
82CC8608, m_endPoints
C468DC52, m_endPosition
54E32FB9, m_endBone
C7EF3136, m_blendDriver
AF490F76, m_pivotPosition
D058C690, m_pivot
E995B1A9, m_pivotBone
A109D395, m_pivotOffset
57C31D3F, m_instanceData
AF53AED9, m_entityScene
6D746BBE, m_cameraScene
958E50BE, m_scene
38AA923E, m_sceneType
D3FE9624, m_lobbyScene
D73E2A29, m_lobbySettings
C67133EE, m_fire
A7EC997E, m_fireIntro
A9B84D67, m_fromPositions
0F951192, m_fromInstance
BA865BB7, m_fromLobby
C419B6DE, m_fromPos
0147E069, m_blendPos
B0EE983F, m_destinationPos
4EB6FB72, m_endPos
F0CC3F5A, m_firePos
B842DEA6, m_focusPos
85DAF782, m_pivotPos
F9EFF706, m_screenPos
ADC78B42, m_targetPos
8BFF6C7F, m_startPos
0AC097A2, m_threatPos
30F1E3FD, m_posB
A9F8B247, m_posA
74F86711, m_posOffset
EF87565D, m_posWS
2A3FF880, m_posWeight
E2FE6636, m_positionB
CEDDD08C, m_positionForce
884E46C4, m_positions
4A360B1E, m_stackPriority
2B7A937B, m_triggerPriority
AA8DF639, m_areaPriority
30567832, m_ambientScale
128BF088, m_atmosphereScale
974667C0, m_bounceScale
FF07DE9F, m_centerScale
EF60E4E2, m_compressionScale
70D5340F, m_emissiveScale
9A6C6487, m_entityScale
52B41E6D, m_gravityScale
B8BB0D9C, m_hoverScale
272269FE, m_minScale
0AE3C58B, m_noiseScale
C142C61F, m_maxScale
CF8275F3, m_preScale
D09D56B0, m_planetScale
D7312873, m_reflectionScale
82C16513, m_refractionScale
5EDFA332, m_shapeScale
84173083, m_sizeScale
EE6DBC5D, m_sunScale
0CC20819, m_toScale
C0F3B00A, m_weightScale
73DE4E66, m_renderBrightness
10E6262B, m_renderContrast
C4C1014A, m_renderGamma
ECC4F4BF, m_renderScale
5AAB226F, m_scoreRequirement
21CA9728, m_speaker
D2FA2E89, m_velocityDriver
07B472D5, m_velocityForce
7C9AD479, m_velocityScale
E7E6C790, m_valueX
09E8A6BC, m_valueZ
90E1F706, m_valueY
C73BA91D, m_valueEntries
6B20FF1C, m_valueGuid
CC956B13, m_valueStr
CC916787, m_valueType
6FC29971, m_parentVelocity
2F0F310D, m_terminalVelocity
D6E2545C, m_targetVelocity
A4C87890, m_breakVelocity
FC369D3B, m_yawVelocity
4736F464, m_initialVelocity
7D322441, m_forcedSkins
E36CEBFA, m_farScore
7E7CB22B, m_gamerScore
1F9DD4CA, m_maxScore
D38334B8, m_minimumScore
F9FD7B2B, m_minScore
2BE26828, m_nearScore
2AA06473, m_objectiveScore
C167D9C8, m_targetScore

6402C75E, m_userValue
92456ACD, m_unitValue
26674F3F, m_switchValue
1BFAA158, m_testValue
9653DC83, m_textureValue
19FDF5A2, m_textValue
C6DE7D6E, m_trueValue
48429AF4, m_propertyValue
47AA8444, m_runtimeValue
0188A040, m_sellValue
482CDBED, m_sortValue
9A7D8E99, m_eventValue
2194BA21, m_entryValue
2F2C9154, m_floatValue
F9648149, m_fallbackValue
68272D39, m_falseValue
913D7864, m_idValue
35B305C7, m_intValue
6C1E4B37, m_maximumValue
3073BBAF, m_maxValue
FC6D5BDD, m_minimumValue
C1670582, m_ambientValue
1A1BF027, m_boolValue
8E9CA5C5, m_clearValue
F861F976, m_colorValue
33F1ADD9, m_collectionValue
AA7C3656, m_damageValue
68E6A405, m_compareValue
0DAE7675, m_dataFlowValue
82083656, m_watchedVal
2D7C5A20, m_maxVal
687E19A2, m_minVal
5C703862, m_val
34A67CC4, m_timeRemaining
0723F459, m_timeSec
E8F2DC78, m_timeScalar
420FFF0A, m_timeScale
42636A6F, m_timeSpan
53A42D2D, m_timeOffset
24873BB5, m_timeAdvance
0FC9C76B, m_timeDriven
1BC89B24, m_timeDriver
1BB1E643, m_timeFrame
7661E859, m_timeInput
76476388, m_unlockTime
84233703, m_windowTime
1D372905, m_setupTime
59EF1E79, m_skipTime
E86C4532, m_estimatedTime
90D81749, m_ignitionTime
32BD86F0, m_lifeTime
60A02023, m_localTime
4B7E4BCD, m_mainTime
DE6B290B, m_memoryTime
FD438D55, m_leaverTime
F37DA3AC, m_optTime
BE3C6FB8, m_shrinkTime
07C6A2E4, m_simulationTime
5D14C945, m_climbTime
9CA970B2, m_dateTime
6F5B7AA1, m_defaultTime
A28F21A7, m_elapsedTime
47C3498D, m_baseTime
BC5C7E49, m_lobbyText
A3C8742F, m_mapsText
5130277A, m_legalText
9F427729, m_modesText
F1C86903, m_plainText
79E5C961, m_rewardText
29672BED, m_trueText
8EA16887, m_gainText
5BD152E9, m_errorText
B49D7ED3, m_generalText
A86CE1CA, m_formatText
015D3605, m_falseText
9DA5D4C8, m_heroesText
5747DB59, m_debugText
B812C937, m_context
625186AF, m_disabledText
F82045F2, m_bodyText
1D9679E0, m_combatText
6E1EC5AF, m_commandText
8890E8B9, m_textWidth
D31AD878, m_combatMod
F47EE298, m_combatShields
50A95C03, m_enabledChoices
A99322D1, m_disabledChoices
F0B40573, m_bodyScript
583C361D, m_applicationScript
CC889C9A, m_auraScript
F0B4D685, m_controllerScript
A86EA67D, m_managerScript
A2826607, m_playScript
2671C31C, m_scriptIdentifier
A2907AFB, m_colorValues
92479965, m_eventValues
CCBAB44D, m_localValues
020A677B, m_subValues
9F7C1BBE, m_valueStrs
172411C9, m_trackingSpeed
DDCAE1F8, m_twinkleSpeed
C1A767B1, m_runSpeed
0F147EA7, m_climbSpeed
A8411775, m_defaultSpeed
307CEECE, m_exposureSpeed
BD620AD7, m_jumpSpeed
9D25EC16, m_movementSpeed
22221D6D, m_maxSpeed
983F8BFB, m_preignitionSpeed

A42318F0, m_availableContentUnlocks
7AA7364B, m_musicTease
AD28F0C1, m_headerGUIDs

42D1D419, m_cellData
BC3A3CE6, m_characterData
EEA582CF, m_genderData
695C2586, m_directionalData
5A648EAC, m_effectsData
77968262, m_opData
B548AE24, m_lightingData
B36FC1E4, m_loadData
B4DECC43, m_reflectionData
75DD5735, m_sampleData
EB056FA0, m_poseData
9C8D4875, m_starData
12D5F67C, m_placementData
82B882AD, m_thumbnailData
9489B78C, m_shoreData
B82B566C, m_uiData
91568E78, m_ops
56BB2628, m_opType
5A4F9C3E, m_team
50C93BB2, m_initialTeam
1D9B50B9, m_sourceTeam
C0329168, m_colorRemap
682B8718, m_colorLookup
F3E1FE75, m_colorCube
73555F9B, m_colorDelta
01A6F9CB, m_cellBytes

283BD428, m_dataFlowGUID
2525ED0B, m_linkGUID
9A15536A, m_lineGUID
68248875, m_typefaceGUID
74679F65, m_stimuliGUID
FFA4E821, m_lootBoxGUID
9A1447C2, m_track
AF31563F, m_collisionConfig

B9452DF9, m_criteria
8DD458BC, m_gender
4F861CB3, m_paramIds